43,41,94,154,144,187,188,248,320,312,175,56,36,290,27,255,203,115,202,97,289,121,125,127,103,label,file
5.575488,3.956513,-0.1427262,-0.2597833,1.427293,117.7592,9460.071,1.675226,1.227062,3.89923,0.512964,34.14732,18.96003,8.546762,462.0,142.0,7.445801,-2.94525,0.6090023,-11.25598,-4.352514,-27.46137,-9.130298,-9.697911,-1.470256,-2.1,2893_clipped_features.csv
-2.371542,0.9053342,-0.5773112,0.006883874,8.687423,132.4041,11644.85,1.273101,3.285256,4.563811,0.5289478,13.71512,13.91308,7.801078,117.0,97.0,3.185895,3.906641,0.213752,-16.35155,-3.68373,-27.5464,-9.919074,-14.11123,-0.1896271,-1.8,2860_clipped_features.csv
3.043732,4.636942,-0.4416999,-0.2011882,8.366013,37.56657,9851.236,1.728969,1.522405,3.403682,0.4216078,53.19774,22.81145,9.944378,440.0,368.0,7.745787,-2.543167,-0.1106826,-20.23991,-5.910371,-19.72332,-5.950504,-4.596019,-3.496402,0.111111111,2599_clipped_features.csv
2.830283,3.050977,-0.1520883,0.2906823,16.91278,33.67555,5416.66,2.111817,1.501916,5.993155,0.3986664,68.08001,22.20742,8.462711,356.0,426.0,7.676075,4.739888,-0.0520388,-14.49033,-3.890498,-25.29772,-6.834738,-5.856375,3.295384,2.125,2184_clipped_features.csv
3.078138,5.451672,0.08273709,-0.3188452,6.344862,163.9606,7831.141,1.373006,1.511088,3.228761,0.6042194,26.92386,22.55382,8.592676,75.0,149.0,8.884213,1.839051,-0.7607515,-24.6271,-4.04943,-28.22396,-12.53605,-13.17782,-9.550356,2.0,3131_clipped_1_features.csv
-1.832538,-2.237225,-0.03993118,-0.04892725,5.244419,92.69955,7084.239,1.611342,1.777128,3.665376,0.526529,25.63392,15.32262,9.650819,111.0,261.0,7.720079,1.315941,-0.3312761,-15.56669,-5.037719,-22.76297,-11.24209,-12.82822,1.164138,-2.727272727,3523_clipped_features.csv
0.9244258,6.077902,-0.2512712,-0.3567681,0.4723929,4.620842,7803.094,1.944603,1.143831,2.559747,0.4731925,31.14049,25.33957,8.478679,111.0,109.0,7.827903,3.948419,-0.5647534,-19.57419,-3.688008,-22.06191,-12.40536,-11.08981,3.956951,1.25,2645_clipped_features.csv
8.897964,6.095542,-0.1042106,-0.6500466,9.441702,112.8536,9172.338,1.729428,2.04018,5.566059,0.54728,26.94113,25.87179,8.494274,153.0,435.0,8.291438,-2.162856,-0.769359,-16.86758,-4.475446,-28.37867,-11.57156,-13.39082,-1.632074,3.0,2938_clipped_features.csv
5.87371,4.77537,-0.2947479,-0.1168217,9.749103,12.33878,1769.686,1.806018,1.500581,3.586799,0.3654796,29.45211,22.78162,10.21781,303.0,559.0,6.549842,3.79468,0.6636533,-24.00292,-5.417216,-22.68712,-10.51678,-12.0199,-0.05774703,0.555555556,4129_clipped_2_features.csv
8.13061,7.638754,-0.2568655,-0.9254352,7.006102,44.26854,12692.67,1.783854,1.9964,4.60416,0.3832968,46.57148,24.23833,11.44384,178.0,138.0,8.439524,0.5825883,0.1134857,-25.08705,-6.716197,-21.42203,-9.886014,-8.540551,-4.95267,-2.5,2858_clipped_features.csv
5.364264,2.253808,-0.2080774,-0.3228285,4.926943,70.50024,9409.289,1.003379,1.133721,3.309793,0.4350625,34.86,15.46113,7.760346,349.0,167.0,9.756619,-0.9896607,1.366606,-16.23701,-4.452402,-24.67708,-8.460415,-8.491759,-3.98845,1.375,4608_clipped_features.csv
6.517799,7.685902,-0.1290306,-0.3471707,-0.3685814,0.0,0.0,2.142755,1.75543,2.593936,0.2967533,23.46958,22.94183,7.094388,38.0,36.0,1.936792,10.08085,0.1426538,-15.9367,-3.211281,-15.34225,-7.773345,-7.671925,0.656343,-2.166666667,4682_clipped_features.csv
2.179232,-0.2108221,-0.243185,0.3816437,15.718,190.9474,13290.18,1.811233,2.188804,5.080878,0.6485772,28.95019,17.90767,11.45177,321.0,448.0,7.668815,0.08629882,0.1069183,-17.39599,-5.554122,-26.57527,-9.666461,-10.75017,-1.916582,-1.125,2597_clipped_1_features.csv
7.9726,4.65372,-0.407773,-0.356718,6.619757,79.13716,6313.229,1.639922,1.753933,4.666068,0.4318727,25.3388,27.78443,7.80788,192.0,59.0,7.453763,0.1261545,0.3412521,-22.58631,-4.564261,-26.62273,-12.05721,-11.24008,0.4435537,0.888888889,2790_clipped_2_features.csv
6.52218,9.02914,-0.4101221,-0.3729618,6.850267,108.2071,8994.729,3.602403,1.920391,3.533826,0.5192105,37.85987,23.06858,11.10937,33.0,64.0,3.437741,-0.3102089,0.2205675,-19.51598,-6.13421,-33.26889,-15.71373,-17.61731,-2.31799,2.272727273,2260_clipped_features.csv
8.008218,3.327973,1.181532,0.1652116,5.042823,88.18082,9161.558,1.407033,1.170455,3.584018,0.4842266,27.32913,14.09681,6.828181,84.0,66.0,5.745605,-1.003587,-0.309379,-14.06158,-3.651565,-24.15226,-11.28163,-11.19538,-4.390817,2.222222222,2604_clipped_features.csv
7.660735,5.75647,-0.1695195,-0.1254646,8.105026,44.47776,2557.042,1.371975,1.594924,4.070853,0.4241952,17.95909,22.33891,7.200247,100.0,297.0,8.983469,-2.480804,0.6729727,-20.72559,-2.990789,-21.41422,-9.146024,-11.34252,-5.69833,-0.25,4360_clipped_1_features.csv
4.156258,3.106374,-0.4526922,0.04146285,7.261284,96.57044,8771.519,1.814554,1.920938,5.999706,0.4853242,30.07776,13.71891,9.333104,293.0,59.0,5.220891,-2.026567,0.4149028,-15.92531,-4.899893,-30.47491,-10.7226,-11.1633,-2.44108,1.3,2053_clipped_features.csv
4.970175,6.770217,-0.5289658,-0.6863561,7.324709,55.79959,3729.934,1.776008,1.940127,3.811241,0.4612831,32.02736,25.85303,9.94879,444.0,377.0,19.79876,0.07034328,0.2619151,-23.79892,-5.249051,-20.67234,-8.363893,-7.39938,-12.46245,-1.75,2461_clipped_1_features.csv
2.839714,5.468612,0.06729626,-0.1244597,4.113024,-6.673111,5183.707,1.550963,1.586832,2.737978,0.3232464,17.18724,14.25794,6.794348,87.0,70.0,3.131872,-4.113374,0.006310173,-19.70349,-2.048822,-22.14794,-10.80321,-13.77044,-1.488388,3.0,3090_clipped_features.csv
5.905461,2.855102,-0.3850613,0.05357982,6.698986,154.4167,9255.266,1.871309,1.342263,2.941592,0.5773542,43.77572,19.30967,7.403098,120.0,85.0,5.658904,1.258849,0.5005784,-20.83436,-3.490407,-24.46979,-11.18968,-15.19511,-2.354226,-1.375,2792_clipped_features.csv
0.455637,2.351701,0.2505503,0.4920321,7.817979,18.74284,8794.77,1.530662,1.801363,3.49298,0.3959848,16.05322,19.65839,9.342279,199.0,91.0,3.843672,2.124563,0.5379763,-16.10121,-4.826148,-25.3502,-10.8999,-8.907012,-2.787864,-0.25,2761_clipped_features.csv
-2.708011,-0.6548081,-0.1618789,-0.2387678,9.517128,100.8702,8336.343,2.633245,2.078107,4.26833,0.5303922,50.56882,12.76707,8.226824,510.0,486.0,12.36467,4.535896,0.2416972,-11.20013,-4.063456,-23.56055,-6.818716,-8.837253,2.554875,-1.818181818,2759_clipped_features.csv
6.384876,7.762068,0.2332169,-0.09809224,7.23323,126.9725,10426.77,1.891514,2.412942,5.501419,0.5277326,34.15304,22.18989,11.67743,282.0,67.0,5.577486,-4.682836,0.06326544,-21.36639,-5.882435,-27.01396,-12.87545,-11.05021,-5.966467,2.333333333,3862_clipped_features.csv
2.34673,4.782752,0.3599802,0.05959265,5.625576,-0.7062528,1451.826,1.425584,2.47513,3.94992,0.3032931,17.89089,17.82229,10.41561,155.0,98.0,4.407238,-2.955404,-0.03281538,-24.46349,-5.220559,-19.76791,-7.004884,-6.282288,-11.94284,-2.222222222,2299_clipped_features.csv
4.638713,7.015644,0.2768111,0.5299872,12.33637,41.78503,4048.56,1.542148,1.464316,3.871626,0.4183594,25.77776,23.02011,8.269614,318.0,161.0,4.383681,3.472425,-0.273003,-13.58669,-4.189215,-24.42911,-11.37178,-12.48795,0.2297635,-2.0,2521_clipped_features.csv
-2.641541,-1.5659,-0.3519462,-0.08196202,9.736415,54.22002,6402.26,1.8153,1.816917,4.492708,0.4517083,43.11597,11.48789,9.763344,400.0,12.0,4.443559,4.213993,0.14771,-16.67913,-4.441956,-18.51002,-6.05852,-4.176039,2.045192,-1.125,2145_clipped_features.csv
8.764312,6.339468,-0.6813952,-0.202246,5.953178,32.06129,9891.312,1.850711,1.82952,5.046206,0.4319561,36.98206,26.76257,8.118448,355.0,1022.0,5.620408,-1.659807,0.2969735,-19.46081,-3.802082,-24.41026,-9.102551,-10.0966,-2.190129,-1.090909091,2252_clipped_features.csv
5.224035,6.851697,-0.04862625,-0.44408,5.311109,45.86233,3710.956,2.155006,1.690579,3.77174,0.4436055,39.18832,23.83382,6.751872,93.0,42.0,2.743604,3.298792,0.4167155,-21.01497,-3.6094,-21.63632,-9.332494,-9.840894,-1.772467,-2.1,2441_clipped_features.csv
9.542398,7.592085,-0.5426639,-0.3600002,17.00949,78.51379,11089.47,1.485072,1.908745,4.843421,0.4590316,42.65868,23.88441,8.338827,568.0,232.0,11.08116,5.290362,0.4071459,-25.11353,-4.722097,-30.75443,-12.64121,-12.01314,-3.875485,-2.0,3343_clipped_features.csv
8.422034,7.580102,-0.2160745,-0.3322866,11.03616,0.0,0.0,1.122561,1.208833,3.87498,0.3368365,33.90802,27.48252,7.634867,828.0,81.0,9.324345,1.647668,0.2928886,-21.96822,-4.283628,-17.83425,-6.366005,-6.699671,-6.414976,-1.0,2717_clipped_features.csv
10.78968,6.025646,0.0816173,-0.26133,6.54987,0.6984805,5269.739,1.545498,1.70494,4.257154,0.3326897,37.31533,26.13448,8.650427,261.0,35.0,5.749451,3.07642,0.8187125,-17.08241,-4.825535,-20.08629,-8.076483,-10.71569,-3.096262,-1.25,4151_clipped_2_features.csv
-0.2546672,-0.4125266,-0.6567734,-0.2239554,3.255708,5.637168,2364.087,1.191444,1.753598,3.921515,0.3435179,18.36226,14.03222,7.512424,240.0,141.0,9.228637,-2.18519,0.07335569,-15.66302,-3.546749,-19.43642,-8.223477,-9.834518,-1.201331,-2.555555556,4022_clipped_2_features.csv
1.600466,2.630898,0.03059241,-0.2303177,8.314237,67.24531,8948.376,1.246497,1.455641,3.742543,0.4297457,19.86613,15.03453,8.650063,277.0,335.0,7.429261,0.4314792,0.9343432,-19.81498,-3.903731,-22.83617,-9.539495,-11.94524,-7.982518,-1.166666667,2104_clipped_features.csv
10.52629,6.791654,-0.2124229,-0.431519,12.01558,89.81813,11126.78,2.624608,2.298729,4.287918,0.4250974,80.50881,26.40653,9.367817,334.0,170.0,7.737569,6.2268,-0.5150705,-16.96941,-5.181645,-27.07612,-9.093503,-6.217243,-5.524205,1.0,2477_clipped_2_features.csv
6.756411,5.346548,-0.7283839,-0.06846841,10.11713,8.120379,1884.758,1.112267,1.432469,3.687852,0.3906286,21.43053,30.93556,8.309926,747.0,190.0,8.367086,3.784874,0.4297636,-20.73659,-4.247593,-23.6204,-9.857203,-10.28686,-1.825278,-1.0,3988_clipped_features.csv
4.325312,3.958691,-0.01709001,-0.5704345,1.370432,26.64501,3564.153,1.570026,2.094723,4.208491,0.3885344,28.17444,14.58158,9.654767,77.0,58.0,4.223778,-2.69879,-0.2335726,-22.38854,-5.873604,-20.27275,-10.02814,-9.303768,-2.517256,-1.5,4181_clipped_1_features.csv
1.785722,2.529697,0.06302682,-0.5524962,7.530859,68.97993,7313.594,1.85285,1.618316,4.122822,0.4588518,32.20288,20.20521,6.670641,437.0,61.0,5.255366,0.9422459,-0.09515351,-13.41834,-3.251296,-20.83651,-8.921856,-8.581006,-4.75462,-0.444444444,3051_clipped_features.csv
5.470069,2.312149,-0.05483067,-0.1934056,6.683514,56.81509,2847.138,2.165481,1.838848,2.809973,0.475779,25.57137,16.35105,7.914191,116.0,132.0,7.110338,-2.187354,-1.126373,-15.12226,-4.261252,-24.59342,-11.60766,-12.63924,-6.09019,1.875,2672_clipped_features.csv
12.56901,7.763198,0.1208266,0.3938344,19.53091,-21.52716,17448.09,1.888261,1.660278,4.882646,0.373669,37.67456,19.77975,5.289134,46.0,65.0,4.597916,-1.770547,-0.3318154,-8.353279,-2.805543,-27.60995,-11.27952,-25.21704,-2.211663,-1.444444444,2405_clipped_features.csv
2.28388,1.514282,-0.3002108,-0.3817402,5.051871,122.846,12360.0,2.066519,2.20611,5.123555,0.543299,41.42086,18.29504,7.691975,145.0,216.0,3.669861,0.8988038,0.2725989,-24.07176,-3.646724,-32.36357,-13.30003,-13.90742,1.295145,0.833333333,2018_clipped_features.csv
6.682472,4.103615,-0.0550338,-0.591907,5.729265,8.602099,5854.312,1.667315,1.744794,6.141126,0.3402033,51.06389,20.18708,9.037397,313.0,369.0,7.714049,0.9945606,0.2910958,-19.90988,-4.436306,-21.46293,-8.093328,-9.373363,-3.01323,-1.75,2092_clipped_features.csv
1.296503,3.18283,0.1484705,0.01550364,5.632132,66.50739,3317.697,1.642963,1.882962,5.191647,0.4600513,23.29975,12.57842,6.234181,277.0,223.0,3.828983,1.511649,-0.05439065,-12.15394,-3.255,-22.08126,-9.016903,-10.76975,0.1717154,-0.8,2634_clipped_1_features.csv
12.80878,7.951654,-0.1403661,-0.270052,5.453136,86.68816,13432.7,1.93096,1.493864,3.232735,0.479421,33.35481,25.60276,9.026763,9.0,74.0,5.26896,-0.7527993,0.3740734,-19.8709,-5.148817,-24.69601,-12.02113,-10.441,1.430666,2.0,2870_clipped_2_features.csv
3.205453,3.472744,-0.30012,0.1855432,11.05566,56.79135,7901.1,0.9713647,2.938834,5.006648,0.4551561,16.95333,16.3316,7.224025,834.0,789.0,6.036168,-3.411551,-0.08693302,-19.19191,-3.416671,-29.06025,-11.69669,-13.4484,-1.226927,-1.090909091,4055_clipped_features.csv
-1.227464,-2.983031,-0.7803949,-0.4589457,4.594446,5.710612,5144.644,1.452043,2.188808,4.651702,0.3828328,29.35825,13.34985,7.359647,398.0,58.0,7.912114,2.265243,0.945693,-18.19411,-3.801238,-20.07812,-5.045907,-7.487598,-2.999259,-2.444444444,4318_clipped_1_features.csv
3.384705,4.469644,0.1607947,-0.06167427,7.725391,215.4569,10435.28,2.224238,2.569251,3.896338,0.7057097,37.46836,20.19741,12.1893,72.0,61.0,7.259049,-2.946219,-1.136673,-30.95183,-6.397793,-28.9118,-15.9653,-18.93587,-0.528348,2.0,3131_clipped_features.csv
3.59607,5.114174,-0.3512406,0.4026502,8.081866,100.7442,11690.87,3.184763,2.044835,4.407652,0.4907116,36.18645,25.8105,11.31908,166.0,150.0,4.519139,-1.820698,-0.2482992,-25.74633,-5.832479,-32.82382,-13.60976,-16.47343,-2.722913,-1.6,2956_clipped_1_features.csv
3.540345,1.45399,-0.4218269,-0.2252057,8.280555,58.07932,7264.387,1.460058,1.556637,3.160685,0.4057302,33.82165,15.62781,7.619903,117.0,226.0,4.813554,3.914547,0.2321035,-15.54327,-3.553904,-20.92669,-8.498986,-6.627757,1.244663,-1.777777778,2020_clipped_features.csv
1.538626,8.234349,-0.6468723,-0.6362234,1.111123,46.41661,7015.827,1.049832,1.774803,3.412621,0.3768902,13.43265,25.11446,8.454874,152.0,96.0,4.423657,-0.3282837,0.01503054,-12.50502,-4.33822,-23.03782,-14.01803,-14.5879,0.6500971,-1.333333333,4890_clipped_features.csv
1.726268,2.852,-0.7236584,-0.7193747,5.950802,3.722298,1491.705,1.888773,1.489126,4.263304,0.3463643,42.42324,23.51121,9.787748,595.0,318.0,10.54571,0.04107691,0.5462839,-19.86538,-5.051763,-21.10703,-8.6675,-6.231214,-4.743293,-0.875,2073_clipped_features.csv
3.547552,4.582598,-1.046594,0.05336866,5.915343,26.55108,3264.281,1.518431,1.114565,3.328458,0.3829045,21.44571,19.12178,11.24046,312.0,67.0,5.914031,-0.5130454,-0.1687557,-18.60701,-5.19241,-21.63882,-12.44789,-13.09901,-2.327801,-1.666666667,4830_clipped_features.csv
6.789581,4.761513,-0.4627488,-0.07628217,5.518041,46.35999,7195.309,1.567113,1.100498,2.878897,0.4246442,44.80792,26.16049,8.092863,41.0,58.0,6.50199,-0.4606419,0.3760433,-11.38236,-3.711764,-25.09933,-8.987145,-9.777607,0.2725452,-0.090909091,3495_clipped_features.csv
2.241031,2.647491,-0.2288423,0.2188407,4.578665,112.294,10900.24,3.029774,2.002326,4.571158,0.5511516,48.24492,17.72965,6.859985,188.0,197.0,4.845359,-5.256546,0.7268381,-12.34596,-3.107025,-25.96098,-13.5148,-13.64971,-3.46647,0.3,2533_clipped_features.csv
1.466856,1.538699,-0.03097882,0.2964307,18.28323,120.6073,20748.63,1.769505,1.987639,3.438325,0.5182263,27.49089,18.44755,8.678385,241.0,151.0,4.576105,-1.041194,0.4935736,-18.34694,-4.003342,-24.34185,-13.60669,-13.28688,1.635184,2.875,2840_clipped_features.csv
0.6140297,0.2076374,0.1708095,-0.08318443,13.46628,108.22,15444.54,1.542605,1.587509,3.209819,0.4942584,45.82576,13.23036,6.782199,19.0,204.0,5.136104,4.987035,0.07825006,-12.71441,-4.059921,-17.32841,-5.168489,-6.507347,-1.179128,-1.75,3283_clipped_features.csv
-0.8976189,2.966722,0.8582661,-0.5072483,8.614082,167.1961,18485.15,0.9233221,1.751697,4.239201,0.5786086,21.50717,23.25699,8.345305,303.0,16.0,6.961491,3.678305,0.06599794,-19.66415,-4.044747,-21.14666,-8.598625,-10.38154,-1.949767,0.375,2504_clipped_features.csv
10.92175,3.928038,0.1564507,-0.485078,12.20067,90.53062,14212.73,1.307384,1.650482,4.156319,0.4097982,36.33136,22.14172,9.62974,201.0,40.0,8.462687,-0.3501053,0.3903245,-22.55912,-5.092474,-20.29067,-6.096441,-4.950302,-4.199308,0.25,3206_clipped_features.csv
4.368035,8.170366,0.0188822,-0.1756044,2.645342,6.331627,139.6132,1.772995,1.581201,3.156032,0.3716584,16.55702,18.67375,7.568811,137.0,73.0,3.213228,10.74829,-0.1414554,-10.49486,-3.5576,-17.49899,-9.131699,-5.035915,-1.749331,-1.6,2956_clipped_features.csv
1.62447,3.158143,0.1401601,-0.1245377,0.6065704,179.9846,11944.99,0.9840255,1.997274,3.281718,0.6312002,26.1091,18.20934,8.605564,123.0,157.0,6.313699,-2.713705,0.583544,-14.59728,-4.687638,-21.9022,-11.11936,-11.01097,-1.913589,-1.272727273,2041_clipped_features.csv
10.83421,8.383582,-0.1911006,-0.4440427,7.134031,40.90085,5188.006,3.063003,1.944989,4.062606,0.4285423,48.73784,29.94852,8.400999,492.0,524.0,5.394086,2.080998,0.01723592,-12.82911,-4.14426,-24.41678,-11.30705,-9.304626,-0.5559227,-1.625,4362_clipped_features.csv
1.669636,4.452751,-0.2409393,-0.6539866,4.555538,0.02393747,51.25539,1.727237,1.296344,5.81465,0.2925081,23.82757,26.21132,11.56813,694.0,784.0,8.808805,0.6683323,0.601216,-21.32103,-5.12884,-28.42889,-11.35719,-9.962265,-1.90563,-1.545454545,3150_clipped_features.csv
9.364482,5.954978,-0.1248217,0.5742764,17.68798,114.482,9246.613,1.791047,2.809777,7.610857,0.5402833,34.33226,27.42291,11.46406,221.0,249.0,13.62208,-1.88829,-0.2379975,-20.64125,-5.683331,-30.61125,-14.48707,-19.27904,-6.625489,3.0,3049_clipped_features.csv
7.78937,5.606276,-0.2915775,-0.3143462,7.922003,12.6642,2114.74,3.271461,1.901174,3.866993,0.3907982,80.82177,18.59249,11.36536,247.0,7.0,6.33354,-5.608255,-0.4011455,-23.98365,-5.630844,-20.63485,-6.76928,-8.304205,-11.52551,1.777777778,2121_clipped_features.csv
4.244673,4.942048,-0.4352972,-0.468864,10.13419,-2.939478,391.7431,2.931026,2.148741,4.564387,0.3673464,51.54914,23.51333,10.36669,216.0,229.0,5.177701,1.75463,0.08078916,-19.76702,-5.506335,-14.67974,-3.667526,-2.294274,-6.328613,0.888888889,2836_clipped_features.csv
12.70879,10.17276,-0.3352769,-0.5981637,3.387653,0.0,0.0,1.023412,1.090502,2.968042,0.3415298,11.77209,18.56229,6.464444,61.0,43.0,2.844402,-2.193025,0.06595918,-14.27284,-2.634239,-16.86315,-7.13018,-11.31971,-6.59668,-1.0,3168_clipped_features.csv
-1.811365,-0.7162804,-0.73236,-0.2547965,3.958166,0.7477868,4329.282,1.279148,1.451471,4.631103,0.3583134,32.80827,21.27294,7.59448,160.0,394.0,31.05551,-0.9098799,-0.6971442,-13.67997,-3.844433,-25.98353,-9.895948,-12.04953,1.812295,-1.666666667,2336_clipped_1_features.csv
7.104548,8.665275,-0.3884019,0.1184104,9.147705,22.53666,1804.419,2.851551,2.221243,4.104716,0.4135444,60.53961,26.02382,12.47895,178.0,357.0,4.906095,4.987178,0.4239321,-21.37544,-7.213769,-23.00567,-9.940262,-9.0582,-7.295986,0.0,4154_clipped_features.csv
8.770286,11.26609,-0.06952434,-0.09470261,7.418435,58.33341,5893.898,3.705215,1.761003,4.242141,0.4253488,74.29308,31.16415,13.31018,1161.0,547.0,8.760943,0.1517099,0.2093656,-24.77328,-7.223116,-32.19482,-14.99854,-15.47365,-2.051711,1.9,2657_clipped_features.csv
2.380988,3.606421,0.4771463,0.3096125,6.996008,244.9208,15197.48,1.134406,2.822362,4.127469,0.7284021,15.78233,18.61781,8.191415,70.0,149.0,5.911038,-5.63933,-0.1926583,-22.28846,-3.836885,-29.26404,-16.39042,-16.23114,-8.430871,-0.777777778,3155_clipped_features.csv
2.469133,4.470955,-0.3126976,-0.07099827,5.070054,0.0,0.0,1.420815,1.604512,2.991067,0.374095,18.39961,18.50645,6.332986,104.0,71.0,3.610263,-1.291873,0.2396003,-12.51873,-3.12215,-22.67831,-10.78664,-10.75744,-2.059902,-2.0,3746_clipped_features.csv
4.268201,5.256979,-0.4673702,-0.09718975,6.307664,44.71319,4445.539,1.852589,1.770742,3.377117,0.4112581,21.14675,19.02553,8.561662,257.0,352.0,5.008116,2.159909,0.5076194,-10.17833,-4.399672,-21.02181,-9.943171,-8.781198,-0.7384728,-1.545454545,2749_clipped_1_features.csv
8.68062,5.130298,0.7117175,-0.357522,6.096592,30.20945,1269.93,1.505947,2.618684,4.570063,0.4149612,20.24883,21.39616,7.132506,52.0,119.0,3.168787,3.442706,0.1097307,-19.26198,-3.973873,-21.3194,-9.599518,-13.42401,1.586877,-1.0,2785_clipped_features.csv
4.79496,11.47898,-0.7223469,-0.1457657,-1.345825,37.1049,4894.514,2.3142,0.9543409,1.4123,0.4350662,20.75818,21.37736,4.700672,17.0,47.0,2.293996,-1.508913,0.2392119,-4.738312,-2.252468,-21.72775,-15.05758,-11.69263,1.023264,-1.25,4151_clipped_features.csv
7.521847,6.734349,-0.1715057,-0.2296632,7.09227,32.9437,8938.967,2.132966,1.556833,4.055078,0.3980806,49.36795,26.67591,10.19177,835.0,539.0,17.2124,3.555494,-0.2708298,-20.26861,-5.61937,-22.7042,-9.897233,-8.589915,-2.107413,-1.75,2461_clipped_features.csv
10.93695,9.687007,0.2827566,-0.2928913,6.613948,21.75647,10138.3,1.615581,1.93585,4.04872,0.4362916,56.24807,20.50903,9.356966,31.0,156.0,7.434011,2.602553,-0.2445455,-17.52292,-5.201571,-20.89676,-6.88585,-8.844927,-5.633189,-2.555555556,4022_clipped_3_features.csv
3.983485,7.199604,-0.1170683,-0.1435331,3.305531,28.71277,4775.427,1.473829,1.938075,3.920815,0.3564586,18.53364,28.52587,6.640594,169.0,87.0,12.32096,-0.0764743,-0.1539497,-16.81385,-3.361465,-24.7478,-13.31484,-19.43817,-0.8476566,-2.0,2743_clipped_1_features.csv
0.4264809,1.47818,-0.3454547,0.285941,4.42029,199.1412,8398.517,1.262724,1.30049,2.627676,0.7240776,11.10436,16.41313,6.981778,76.0,174.0,5.851029,-2.066283,-0.2809657,-17.30514,-3.427041,-23.4386,-13.04961,-16.81561,-0.6152658,-1.777777778,2124_clipped_features.csv
7.030532,4.961165,0.09594727,-0.1995666,9.616265,36.27622,10238.78,1.491871,2.656793,4.515905,0.3553872,20.7865,25.1767,10.19073,44.0,109.0,7.28257,4.419586,0.6509435,-21.49954,-4.952758,-25.80523,-9.866975,-8.704679,2.463053,-2.538461538,2540_clipped_features.csv
9.895158,3.006547,0.09468588,0.09195947,9.915957,15.10473,1528.833,2.968789,2.850625,5.774235,0.3362457,62.94693,28.89683,10.65565,172.0,169.0,6.293664,-0.09019619,-0.1686562,-21.518,-5.321944,-31.39562,-10.47722,-14.0917,-1.951241,1.363636364,4082_clipped_1_features.csv
0.461371,1.691952,-0.5942041,-0.1772885,9.444637,135.0683,14147.25,2.675047,2.096782,4.816943,0.5168454,57.33101,18.58111,10.51886,353.0,104.0,12.01539,-2.53049,1.296604,-16.11179,-3.804394,-29.21583,-14.09603,-13.22561,0.5369357,-1.0,2105_clipped_features.csv
-0.9821302,0.7695774,-0.3892995,-0.2046124,9.790008,61.15759,5324.625,1.186323,1.249289,3.418886,0.4447061,20.42371,19.52727,10.12171,852.0,286.0,12.62032,0.1646448,0.4764214,-18.46725,-5.26151,-23.87937,-10.54455,-10.26647,0.6554654,-0.5,4028_clipped_features.csv
18.31661,10.37766,-0.664804,0.1841386,10.2877,118.3574,7687.64,1.201989,1.385606,3.175313,0.5370567,28.00979,30.35828,8.693162,340.0,241.0,19.59188,-0.6246296,-0.09726392,-26.88831,-5.527709,-26.41006,-11.53274,-11.34871,-10.55235,0.0,3551_clipped_features.csv
-3.503983,-4.828579,0.2981267,-0.1200432,2.72515,121.2755,14849.07,3.029894,2.612344,4.385836,0.5153766,36.44779,10.31878,8.006561,49.0,70.0,4.681991,-1.641627,0.6172474,-12.26724,-4.219396,-26.68688,-14.08505,-18.14469,-1.123368,-0.538461538,2078_clipped_2_features.csv
6.623747,6.351936,-0.6694452,-0.4876427,8.385314,182.2561,8313.378,1.689776,1.956882,4.845623,0.6453068,26.40749,26.81904,7.222507,252.0,245.0,5.113416,0.1256901,-0.1050118,-22.85205,-3.33567,-23.43803,-9.892412,-11.58358,-9.217567,-1.5,2024_clipped_features.csv
10.6374,7.607279,-1.101074,0.8580296,6.755686,84.13623,7592.001,1.173524,1.063641,3.184536,0.5193858,24.40377,27.96925,7.171085,64.0,207.0,9.241599,-0.08975984,0.7685326,-16.32586,-3.10379,-19.9575,-8.178885,-9.305864,-2.960625,0.333333333,2093_clipped_1_features.csv
8.878961,6.558867,-1.017078,0.04850177,5.687226,-6.617044,2802.795,1.420118,2.296365,4.08791,0.3142119,23.96912,18.74691,9.866169,11.0,86.0,4.26089,-2.930736,0.1330985,-22.84708,-4.774686,-16.58637,-3.625921,-5.125792,-9.239869,1.777777778,2121_clipped_1_features.csv
8.771395,6.235613,-0.1889493,-0.3303922,7.314227,9.020008,1035.961,2.162362,2.189055,5.787231,0.3558576,52.98196,26.27183,9.777896,359.0,295.0,8.44303,-1.588744,0.6099246,-27.43588,-4.733894,-26.10563,-11.21624,-13.641,-4.694232,1.083333333,4148_clipped_features.csv
-0.3104383,0.1210008,0.08104755,0.4436686,16.79189,226.6817,19850.37,1.92664,2.636943,4.463873,0.6337388,23.33024,14.04758,8.805809,140.0,108.0,3.969648,4.864517,-0.05262567,-19.71493,-4.592277,-22.99226,-9.060559,-6.837115,-7.907563,2.3,2027_clipped_1_features.csv
9.69586,10.47285,-0.06984553,-0.1130753,6.329201,56.53516,9221.726,1.774322,2.382899,4.052811,0.4314875,23.88014,26.7821,10.00253,429.0,425.0,5.513352,1.20273,-0.002909935,-24.43485,-5.946202,-29.79508,-10.12125,-11.38745,-9.229753,-0.545454545,3174_clipped_features.csv
10.42976,8.929323,0.1482682,-0.1072366,5.694185,-0.576784,1714.918,3.154846,1.790121,4.066532,0.3291338,52.81501,26.21439,10.23028,294.0,306.0,5.833153,0.7173859,0.2135415,-17.59509,-4.944284,-22.56485,-10.13088,-8.605474,-0.8863427,-0.25,4049_clipped_1_features.csv
10.62381,11.05064,-0.05648317,0.153962,7.990029,12.80199,5465.906,2.572461,1.700242,3.135152,0.3548927,33.77038,25.15974,8.470145,51.0,193.0,4.481445,-1.515626,0.1541978,-20.2228,-3.958982,-26.83389,-13.68891,-7.720328,-7.757372,-1.2,3113_clipped_2_features.csv
6.518969,5.555939,-0.5514873,-0.406635,7.692184,75.33891,7921.233,0.7915301,1.874031,4.86517,0.4446696,12.3275,20.71893,10.1667,183.0,251.0,6.575611,1.672495,-0.4828868,-21.97064,-4.393746,-22.98192,-6.585769,-5.605781,-6.242876,-0.7,3133_clipped_1_features.csv
3.985215,5.939156,-0.1364068,-0.2759309,7.105774,114.6585,10841.34,1.356747,1.608142,3.899977,0.5162622,34.32185,23.91789,8.049201,477.0,15.0,8.161234,0.6005138,-0.4225692,-19.04478,-4.357631,-23.29089,-11.49226,-11.60261,-4.730308,-1.125,2597_clipped_features.csv
5.43787,5.506063,0.2053452,0.02035692,5.641748,18.59565,5356.274,1.655101,1.585665,2.638797,0.3951289,27.04734,15.93847,8.156893,0.0,52.0,4.687909,-2.691828,-0.3766801,-10.44939,-4.287758,-19.17475,-10.10454,-8.764397,-3.638999,0.375,2962_clipped_1_features.csv
0.6159204,1.533155,-0.2585004,0.2171159,7.266965,75.48524,4080.292,1.781712,1.60667,4.109284,0.498158,26.31824,21.2112,8.343773,328.0,24.0,5.138667,1.929306,0.3614959,-14.66387,-3.884397,-26.65297,-10.42585,-10.3343,0.873924,-1.5,2499_clipped_1_features.csv
7.462805,10.51863,-0.3267458,0.7707108,5.821547,84.93642,8321.895,0.9057085,1.420424,2.686774,0.5135921,12.52141,25.66643,6.411304,106.0,216.0,4.413414,4.407842,0.1861912,-13.77648,-3.118865,-18.34084,-8.476553,-8.224128,-0.2077952,0.333333333,2093_clipped_features.csv
12.17367,7.158983,0.03022946,-0.03977199,-8.723758,99.99998,520.8333,0.04345547,0.002170281,0.1944233,0.8108204,0.268102,11.68266,1.907074,3.0,2.0,1.936454,-9.740012,0.715717,-6.345067,0.5151123,-16.29163,-14.42457,-13.65317,-6.798641,-2.0,3108_clipped_features.csv
6.689104,5.645383,-0.1505023,-0.2529839,0.5731669,-0.7210522,5919.509,1.384288,1.901568,3.489864,0.3376854,14.50913,16.72391,5.862001,14.0,146.0,8.132213,-0.3083951,-0.3029024,-11.21487,-2.800917,-25.49557,-11.65433,-9.960203,2.097133,-1.666666667,2336_clipped_features.csv
6.917799,3.803901,-0.007334008,0.04804447,9.152378,2.833254,1002.8,1.813633,1.308832,3.654957,0.4032836,73.86495,27.21716,6.930828,425.0,555.0,7.897662,0.7782928,0.7915615,-14.25776,-2.991493,-26.24622,-13.47047,-12.72764,-0.1409719,-2.625,3227_clipped_features.csv
4.704079,2.521043,-0.1672033,-0.5063594,5.379337,63.14721,4889.184,2.311939,1.445878,2.996079,0.4699126,33.04753,23.19268,9.241463,152.0,248.0,6.111318,-1.281669,-0.1149378,-20.55064,-4.924199,-19.49397,-9.862267,-10.95798,-0.5254751,-2.222222222,2525_clipped_features.csv
-2.737373,1.671783,-0.4155948,-0.9035757,2.591277,18.90159,6657.939,1.544711,1.451691,3.67433,0.3277181,15.23553,13.26923,7.872918,5.0,89.0,15.34299,0.4795903,2.289888,-13.9298,-3.692325,-18.17112,-6.547461,-5.794423,-2.313406,-1.636363636,2554_clipped_1_features.csv
3.545823,6.94523,-0.1892762,-0.1962176,6.23287,63.83004,6822.934,3.159383,2.194456,4.664803,0.4740463,44.79262,29.49007,15.36775,440.0,265.0,4.208576,3.065778,0.3701441,-26.90786,-7.144878,-23.02867,-10.78378,-9.053844,1.563142,-2.5,2858_clipped_1_features.csv
2.950468,3.269942,-0.4651068,-0.220054,10.15404,13.04183,5080.86,1.728808,2.07906,4.300735,0.3786306,35.38402,20.3185,9.843613,910.0,456.0,8.872659,2.15502,0.6828692,-20.76383,-4.895795,-27.54405,-10.15571,-10.1639,-1.681514,-2.666666667,3309_clipped_features.csv
0.3091342,-1.09113,0.2865965,0.4095455,15.83783,138.3696,11084.97,1.770637,1.807077,3.07787,0.5488221,27.23298,15.3974,10.49736,131.0,144.0,8.027501,4.826238,-0.5289427,-24.20125,-4.64666,-22.4972,-8.668016,-12.49606,-5.485868,-0.777777778,2472_clipped_features.csv
5.000533,5.314099,0.2889105,-0.152032,5.470011,10.15206,1601.166,1.850443,1.267035,2.840905,0.3633726,40.36652,27.47614,6.841019,349.0,360.0,23.33339,0.5339589,-1.621375,-19.37413,-3.804619,-25.30514,-9.926984,-10.32948,-6.062677,-2.5,3561_clipped_2_features.csv
13.01153,11.86776,0.1911475,-0.3428336,7.462284,49.54293,5214.871,2.007737,1.870012,4.375201,0.4433174,50.15844,32.65155,9.494104,509.0,16.0,4.173349,2.001693,-0.04205655,-17.02265,-4.985003,-29.29512,-10.35328,-10.34342,-2.478397,0.5,2137_clipped_features.csv
7.881959,3.829178,0.08648431,-0.1545979,6.499775,58.12003,4210.406,2.069583,1.627768,4.217896,0.4688471,36.9945,25.41922,10.00077,86.0,68.0,7.237353,1.255482,0.281844,-15.29808,-4.782961,-26.03779,-10.95987,-11.17391,-0.695664,0.4,2094_clipped_1_features.csv
-3.960729,-2.893869,0.1191135,0.8802707,21.5321,151.6323,13924.45,1.164871,1.913868,4.276239,0.5766679,21.84188,14.30146,8.441034,638.0,535.0,7.730965,2.035315,0.3357166,-15.37998,-4.226649,-24.11867,-9.61545,-7.960001,-2.321985,-1.888888889,2259_clipped_features.csv
11.44822,15.30152,-0.5405704,-0.6924211,5.051449,-10.4265,2244.934,1.463414,1.396563,3.442119,0.2808721,30.94917,35.0208,9.899745,27.0,140.0,7.74842,2.700044,0.6899135,-18.98218,-4.555533,-22.21939,-10.22696,-9.769099,-3.838138,-2.125,3067_clipped_features.csv
5.339992,9.609139,-0.1174044,-0.08507729,9.528691,12.23876,2958.132,2.084507,1.519855,4.002218,0.3448836,33.0609,25.51159,11.48569,276.0,328.0,7.812847,6.998134,0.734972,-21.62741,-5.383789,-26.65438,-9.083735,-7.726266,1.860725,-2.555555556,4022_clipped_features.csv
0.5743033,4.267029,-0.0501029,-0.1123191,0.8755335,223.1253,10436.62,1.071734,1.200429,1.841266,0.7339381,12.82216,10.48019,6.469847,60.0,60.0,4.414585,2.630886,-0.4632196,-6.622462,-3.06723,-25.3607,-13.4447,-12.02405,-0.8677385,-2.1,2893_clipped_1_features.csv
8.671962,9.556083,-0.2941872,-0.1730075,6.512821,38.30773,2438.708,1.359733,1.405159,3.569199,0.4797504,40.03355,24.34123,8.053583,358.0,46.0,10.46061,-3.022672,-0.5819618,-12.45493,-4.022337,-25.97993,-13.32394,-15.48327,1.677906,-1.333333333,4908_clipped_features.csv
9.273221,6.354269,-0.1921283,0.0601829,6.82972,31.96201,7338.125,1.232557,1.411119,3.369593,0.380677,35.12538,27.23341,9.083102,104.0,64.0,13.44334,-2.152391,0.1429825,-14.31641,-5.010128,-22.3881,-10.04336,-11.0983,-4.045489,-0.181818182,3086_clipped_1_features.csv
4.979692,2.097059,-0.02399565,-0.2218853,8.332841,112.7182,3966.691,1.762294,2.063294,4.812233,0.5587959,25.59807,22.78146,7.888876,206.0,88.0,5.15847,5.106562,-0.07031734,-15.19826,-3.767018,-23.58811,-7.358557,-10.34816,-3.916623,1.0,2477_clipped_features.csv
6.448455,7.661499,0.1904283,-0.1568959,3.580415,11.47501,2320.057,1.314775,1.040856,2.603372,0.3667633,21.40592,24.66925,8.544869,212.0,355.0,11.13911,0.6760667,-1.230581,-18.61151,-4.409857,-20.63804,-9.55367,-8.669014,-4.907196,1.833333333,4349_clipped_features.csv
9.433484,8.617244,-0.1050146,-0.06220724,6.077394,73.40771,6495.059,2.058901,2.15228,4.582657,0.4786969,29.45491,24.18807,11.90762,60.0,56.0,5.367278,2.164534,-0.3241349,-21.75746,-5.379786,-26.80643,-12.01025,-10.97147,-3.58321,1.8,3188_clipped_features.csv
0.8043417,-2.722372,0.3255344,-0.1556555,7.320002,167.8068,17688.31,1.231859,1.95469,4.015334,0.5506047,12.86991,13.69288,8.835571,3.0,37.0,3.767437,0.132848,-0.3519164,-20.62504,-4.848557,-23.83117,-9.56872,-10.49744,-7.469698,0.090909091,3235_clipped_2_features.csv
-0.9836799,3.512887,-0.3867233,1.155704,19.99152,223.6743,12236.62,1.037995,2.310822,3.787605,0.7314315,17.24125,18.79922,6.260957,94.0,91.0,4.169247,-4.706856,0.2394337,-18.86095,-3.211375,-26.07444,-13.17843,-17.57827,-8.931222,-1.2,3595_clipped_features.csv
10.03565,5.470841,-0.423751,-0.2559779,11.1103,0.0,0.0,1.660875,2.004527,3.869969,0.3414636,49.00458,27.80834,7.889499,0.0,48.0,11.16819,4.013094,0.07565833,-23.20736,-4.611543,-29.20089,-10.57064,-11.1149,-6.968481,0.0,4159_clipped_2_features.csv
5.076824,6.938025,-0.9730054,0.3698329,5.001781,74.00231,10764.2,0.9869758,1.137302,2.960387,0.4053301,16.66726,17.73923,6.190281,28.0,177.0,10.01693,0.1946146,0.0638544,-15.75757,-3.424674,-24.17975,-12.42636,-6.77135,-5.022696,0.363636364,2455_clipped_1_features.csv
4.505064,3.695045,-0.6200869,-0.3627504,8.407939,9.641121,3319.411,1.298828,1.735272,4.12997,0.3200415,29.38007,23.24422,11.49805,107.0,536.0,7.403173,1.459156,-0.1628547,-20.23018,-6.647307,-26.76042,-10.25454,-10.552,-0.6492195,1.875,2672_clipped_1_features.csv
2.514424,2.401888,-0.4934469,-0.1834045,5.275197,32.29988,7765.853,1.339113,1.423251,5.213147,0.3531458,20.80421,18.26341,8.267584,200.0,274.0,5.879077,-0.3045006,0.2654821,-20.71112,-3.598408,-21.95074,-8.357778,-8.363976,-4.173482,-2.166666667,2719_clipped_features.csv
-1.034308,1.14646,0.08871039,0.01415368,9.938564,0.0,0.0,1.08426,2.20105,3.203133,0.3185718,23.10994,12.81848,5.887905,34.0,64.0,2.769766,4.81991,0.2497614,-4.259731,-2.576576,-23.79616,-8.937385,-3.690544,0.008736549,-0.888888889,4548_clipped_1_features.csv
1.189276,-4.266763,0.04670151,0.0007000325,8.085515,79.29909,8376.802,1.64914,1.335182,5.316993,0.4621302,49.51674,12.70494,7.83135,507.0,25.0,8.892577,0.4253304,0.4649968,-20.39292,-4.52837,-20.31224,-8.05233,-6.094244,-4.775836,-1.818181818,3062_clipped_features.csv
-0.1856901,7.046104,-0.02325241,-0.551541,8.88053,102.4849,4802.311,1.676859,2.295055,4.289795,0.5223332,17.54955,25.94499,7.773826,121.0,70.0,4.749105,8.464168,-0.5194426,-20.59956,-3.800418,-19.48137,-7.910983,-5.744162,-10.17238,-1.0,3169_clipped_features.csv
4.472062,6.837307,0.04243838,-0.327776,10.36281,-0.09120653,399.2364,1.838004,1.160377,3.337947,0.3700898,33.47741,36.30951,8.582887,101.0,38.0,8.329481,3.985804,0.0005629977,-26.59097,-4.361658,-19.62892,-7.312516,-6.981975,-8.699254,0.181818182,3574_clipped_features.csv
8.148941,0.9957008,0.2599798,-0.2563294,2.615413,90.48025,7767.128,2.063874,1.019928,2.401428,0.5118011,31.2679,14.79965,4.942508,19.0,33.0,5.728767,-2.431595,-0.2423052,-13.23131,-2.601507,-22.57106,-13.03108,-11.0779,-1.391102,-0.538461538,2078_clipped_features.csv
-1.658317,3.209483,0.05996631,-0.3020437,9.31042,13.75532,3574.542,1.338454,2.110563,4.277051,0.3482396,21.44426,16.96814,8.018187,64.0,60.0,5.535606,0.4296641,0.01557308,-17.23165,-4.627358,-29.82947,-10.40778,-11.92013,-1.525508,-0.888888889,4548_clipped_features.csv
7.44109,7.129656,-0.5687586,-0.1539965,3.381697,82.88644,10201.92,1.30103,2.23821,4.027515,0.529695,27.85657,20.52795,7.22237,160.0,157.0,5.506103,-4.44341,-0.01543315,-20.73839,-3.932789,-24.8271,-13.37533,-12.38775,-11.02971,-1.25,2465_clipped_features.csv
4.011985,4.770616,-0.7597811,-0.1210475,5.434673,14.34052,1861.666,1.754539,1.766336,5.230917,0.3240056,34.19851,24.27693,8.835998,322.0,316.0,8.849575,0.6510737,0.0965316,-17.94683,-5.143954,-20.30435,-5.231328,-4.800083,-3.487091,-1.5,3367_clipped_features.csv
12.75315,9.197659,-0.5603504,0.4210545,7.868387,50.65108,4277.262,1.523056,1.26402,2.680051,0.4354057,29.11667,23.47116,7.888885,56.0,6.0,11.87762,-2.889086,-0.1474757,-19.03053,-4.556188,-25.04488,-11.0708,-15.39849,-5.159081,-0.111111111,4038_clipped_1_features.csv
3.071674,1.854301,-0.249494,-0.4625047,8.157784,86.34583,8323.859,1.533849,1.843735,4.110226,0.4428598,38.58942,16.46342,9.383067,376.0,904.0,6.893112,-0.05508318,0.2102378,-21.18214,-4.685577,-24.93011,-11.54618,-12.97021,-0.3123285,-1.833333333,3246_clipped_features.csv
1.351436,4.264358,0.08443464,-0.4428915,-1.056283,12.98371,3353.867,1.183294,1.590208,3.295928,0.406139,22.16064,23.09958,9.851349,192.0,180.0,3.226473,5.300255,0.06011689,-16.24263,-5.36466,-20.96398,-9.840507,-10.25188,4.331038,-2.888888889,4363_clipped_features.csv
8.388367,5.242565,-0.4580768,-0.004298836,15.35447,55.03621,7036.663,2.059233,1.661072,3.923131,0.4216911,56.67148,26.74848,8.4678,520.0,421.0,5.964583,7.355001,0.06262706,-11.88818,-4.143434,-21.28559,-7.747456,-6.070369,1.117444,-2.25,2039_clipped_features.csv
6.247435,6.735237,0.1542975,-0.5554892,5.526917,42.41883,4857.728,1.32895,1.915181,3.85846,0.433258,14.26211,15.44112,8.930717,151.0,181.0,7.169559,2.647405,0.4556517,-13.36993,-4.072867,-27.94669,-11.97691,-13.74468,0.6321986,-0.5,3207_clipped_features.csv
-1.129394,-1.386457,-0.3098605,0.2229759,9.453906,66.22385,3013.963,1.467287,1.327019,2.591025,0.4991378,25.16082,9.535705,5.469174,65.0,51.0,9.033828,-0.1210397,-1.157404,-11.57703,-2.504359,-24.94612,-14.04049,-17.03942,-1.194784,0.375,2772_clipped_features.csv
11.09685,7.493589,-0.2763792,0.3030669,6.774576,-0.04136031,1908.833,1.297219,1.753374,4.106256,0.298825,21.17282,28.98631,8.502358,384.0,27.0,5.383133,4.282774,-0.03038623,-21.30058,-4.737048,-25.07781,-8.636449,-10.50575,-6.749302,2.0,4071_clipped_features.csv
12.07795,6.735779,-0.09960211,-0.7364815,8.136642,-4.304349,896.2637,3.823142,2.992802,5.519492,0.3096786,47.17857,29.1132,11.15397,345.0,243.0,10.23568,0.962557,0.1801856,-23.00935,-6.041194,-24.37798,-9.601284,-13.44866,-1.43297,1.363636364,4082_clipped_features.csv
12.02016,5.423625,0.01638996,-0.02474512,0.8411269,129.5116,11918.86,2.515492,1.345613,2.860124,0.4822152,37.35432,17.13126,7.611154,209.0,137.0,4.468706,-7.060752,0.5828344,-18.78996,-3.488289,-22.65397,-13.44474,-14.92703,-6.616756,-0.538461538,2078_clipped_3_features.csv
2.218581,-0.6255593,-0.07132816,-0.007535846,2.86007,100.8328,10291.17,2.345228,1.588086,3.159748,0.4928415,72.85113,13.07214,5.552206,104.0,18.0,3.162111,-1.161988,-0.1154218,-15.50317,-2.996313,-25.70334,-14.89373,-16.41534,-1.082748,-2.222222222,2525_clipped_1_features.csv
9.5812,9.517072,0.1275531,-0.2693044,3.306397,128.9308,7839.202,1.81162,1.708579,3.155047,0.5708485,37.82108,24.95772,8.668392,179.0,215.0,3.060479,-3.849373,0.5161331,-15.59371,-4.194767,-27.24813,-11.36839,-13.28076,-7.2581,1.375,2460_clipped_features.csv
1.23338,0.2842047,-0.1371893,0.2483366,9.621798,144.2479,9536.117,2.1188,1.535051,3.171942,0.5696627,23.1137,11.06558,8.793033,54.0,53.0,2.94762,2.853385,-0.2380122,-15.64418,-3.592262,-20.24794,-9.647351,-12.56834,-6.835608,-1.25,2617_clipped_features.csv
5.403436,7.599544,-0.442146,-0.8890056,9.081313,82.45156,4466.764,1.738233,1.611178,3.241053,0.5112997,28.13819,23.9992,9.546417,230.0,123.0,5.437726,0.6454663,0.3462811,-26.76031,-4.918348,-23.21473,-10.13019,-8.702723,-12.46041,-2.636363636,3115_clipped_features.csv
2.031286,3.679333,0.4640223,0.2337754,5.087811,88.55875,4829.548,1.025042,1.657461,3.263421,0.5297618,12.74433,12.62789,7.943253,81.0,118.0,3.992712,0.669212,-0.04768427,-19.33377,-3.58748,-24.47907,-9.120483,-12.61077,-4.714344,0.555555556,4129_clipped_features.csv
5.657702,2.702692,0.1286169,-0.7611959,10.05645,93.64158,11793.54,1.633368,1.690659,4.56449,0.5061742,63.2676,24.62777,9.720145,529.0,485.0,4.76781,2.653393,0.3367583,-14.95285,-5.453758,-21.09953,-8.732555,-9.175382,0.01332912,-0.25,4049_clipped_features.csv
4.932439,6.6587,0.0365935,-0.06141367,3.746382,0.0,0.0,1.760694,1.26751,2.810303,0.3224002,23.15317,21.62524,8.402278,140.0,320.0,5.228808,-0.6274872,0.3882932,-16.82572,-4.56619,-22.2358,-11.07149,-11.08006,-3.290644,0.555555556,2399_clipped_features.csv
7.002182,4.752974,-0.3425984,0.0706462,5.264698,54.91918,7327.325,1.571119,1.481784,3.650529,0.4341494,23.54472,24.32799,7.364754,199.0,136.0,6.188046,-3.10976,-0.1822561,-15.08048,-3.572567,-21.34095,-9.642002,-8.946492,-0.951208,-0.181818182,3086_clipped_features.csv
-2.858568,-0.4533571,-0.0187237,-0.1973477,7.106138,29.78756,6744.271,2.065406,1.844501,4.396702,0.4237474,51.48767,22.20717,9.461942,366.0,802.0,9.349087,-0.5376281,-0.02593382,-17.24737,-4.879192,-23.9669,-7.442693,-6.148312,-3.560382,-1.75,2784_clipped_features.csv
3.719134,2.819354,0.3743456,-1.268622,14.05715,50.14031,10538.75,0.514174,2.681817,2.951245,0.3549399,2.642725,8.011733,5.602517,18.0,22.0,2.08402,-0.7905396,0.1765536,-10.74876,-3.408141,-25.84446,-18.00032,-14.75679,-0.4442347,-1.625,2067_clipped_1_features.csv
6.665527,1.52289,0.3851427,-0.3521922,4.666662,186.091,8425.907,0.8280752,1.993213,3.879942,0.6472232,13.27521,15.89717,8.01656,42.0,154.0,5.249773,-2.425115,-0.8062937,-15.03552,-4.459743,-23.16194,-11.43499,-12.37106,-2.525466,1.916666667,3154_clipped_features.csv
6.864165,8.150349,-0.2233258,0.0991112,18.94499,87.83209,8113.975,1.604816,2.089264,4.40172,0.5277323,29.30778,23.12749,8.665812,240.0,439.0,9.847816,-0.8916981,-0.5213245,-17.85889,-3.714592,-32.1408,-13.21933,-16.11114,-0.9649573,-1.4,2421_clipped_features.csv
-0.8223283,2.760052,0.06023786,0.01288638,5.914755,101.5539,9994.291,1.668053,1.303894,3.905773,0.5064582,20.88952,15.4199,9.032441,67.0,3.0,9.057424,-3.200529,0.9032255,-17.59563,-5.017513,-22.65146,-12.25329,-14.78007,-3.211768,-0.8,3467_clipped_features.csv
-0.6743591,0.009749623,0.0874768,0.2323436,9.679732,93.34214,12803.05,1.666971,2.077318,3.933365,0.4594926,20.08104,13.78154,8.218875,108.0,67.0,2.325459,5.780791,0.2026578,-16.44061,-5.123194,-22.93585,-10.31181,-11.08518,-2.163315,-0.888888889,2102_clipped_2_features.csv
5.169371,7.008708,0.3299842,-0.1559905,6.803653,167.2104,7483.833,1.34795,2.552286,4.5383,0.6215081,20.94582,24.93925,8.455915,132.0,224.0,6.837192,0.3293041,-0.1251151,-23.04695,-3.939841,-19.77463,-8.292334,-9.547297,-7.664213,-0.545454545,3174_clipped_1_features.csv
-2.595316,-1.515751,-0.1442665,0.05044316,7.626265,55.39616,8204.069,2.21328,2.333904,6.8439,0.4379673,26.61858,11.99236,8.413536,341.0,119.0,7.592856,0.4755943,-0.3716769,-19.49488,-4.208937,-26.43831,-10.3087,-8.874966,-2.401201,-0.111111111,2970_clipped_2_features.csv
3.227043,-0.364249,-0.3740956,0.04177467,13.0084,2.574814,7409.597,2.209646,2.148455,4.397455,0.3395756,51.15661,22.24572,11.67167,550.0,23.0,7.272802,2.236054,-0.1667246,-29.60205,-6.111722,-23.2223,-6.858664,-8.106506,-5.537024,1.916666667,3154_clipped_2_features.csv
-1.714593,-1.556785,-0.3888661,0.1420376,15.2856,121.7976,14623.47,1.792868,1.358945,3.624381,0.5178585,23.59728,7.412485,8.815754,200.0,609.0,10.77535,-0.4436177,0.2326492,-15.62043,-4.971688,-25.67094,-11.17318,-9.22064,-4.602087,0.090909091,3235_clipped_features.csv
13.2157,8.082533,-0.2074039,-0.03939366,7.129189,-5.92913,690.4539,2.203954,1.925591,3.49575,0.3260265,56.97525,24.80363,8.176813,376.0,29.0,4.396628,0.8840254,-0.2068309,-15.75747,-4.412218,-22.90588,-11.19544,-11.81188,-3.205992,0.666666667,3651_clipped_features.csv
5.154178,4.201165,-0.3198217,0.05869369,7.536374,99.9229,9037.041,1.429691,1.440464,3.894046,0.5268457,27.98845,18.58925,8.570765,345.0,977.0,6.710483,-3.730181,0.4591148,-18.5539,-4.296816,-26.44005,-12.33782,-12.68596,-3.078824,-1.625,2324_clipped_features.csv
3.44164,3.302071,-0.1143824,-0.6184819,3.850123,-0.2722978,1937.016,1.457833,1.225875,4.644403,0.3206072,38.07978,16.1361,7.348176,345.0,364.0,9.063987,0.7533461,-1.181026,-17.56232,-3.711649,-20.26952,-10.60387,-12.00755,-6.890627,-1.777777778,2734_clipped_1_features.csv
5.363869,5.781152,0.451454,1.454394,20.12691,107.0945,12661.48,3.004943,1.933874,3.933853,0.5261757,35.78735,21.02963,11.82049,9.0,145.0,9.869291,3.328135,-0.3688809,-22.51126,-7.960779,-25.95881,-10.72708,-9.491241,-5.988877,-0.25,2761_clipped_2_features.csv
4.167614,6.090938,-0.4680193,-0.5134775,4.897781,45.05919,7220.133,2.015229,2.064286,4.765534,0.3825725,31.57377,25.69934,8.941639,200.0,157.0,10.48526,-1.481607,0.8626254,-22.71921,-4.266142,-23.76353,-7.027154,-10.62806,-1.204895,-2.5,2603_clipped_1_features.csv
5.344454,3.965326,-0.2273609,-0.3738021,8.708159,-6.796857,6265.401,1.155298,1.608919,3.225601,0.2825507,24.65111,26.28445,10.12472,264.0,262.0,9.561015,2.986592,-0.8660859,-13.98334,-6.235705,-32.07479,-9.574696,-3.642738,2.795147,-0.666666667,4618_clipped_1_features.csv
-1.345707,-2.759364,-0.3553239,0.06277072,9.42259,128.7248,6710.985,1.991965,1.369988,2.791229,0.5931172,44.61528,13.80723,7.457385,301.0,177.0,12.62612,4.689524,-0.6482794,-19.45462,-3.881688,-20.57986,-9.834301,-10.58579,-4.260796,0.0,2451_clipped_1_features.csv
1.079264,2.362763,-0.1428835,-0.05049644,7.680519,91.33318,6573.585,1.410422,1.86169,4.180607,0.5071754,29.40665,21.74458,8.881567,315.0,499.0,7.623598,0.06834825,0.191183,-19.83523,-4.153201,-21.6369,-8.716192,-10.18337,-5.003623,-2.1,2490_clipped_1_features.csv
1.835865,3.007105,-0.3388644,-0.0127522,11.30998,167.5735,10054.56,1.756909,2.056212,4.557563,0.5878552,28.69695,24.85312,8.673874,582.0,581.0,8.76327,2.260522,-0.7219322,-21.77548,-4.221738,-23.83763,-9.752091,-12.12149,-6.383407,-1.5,2499_clipped_features.csv
-1.377398,0.4158726,-0.05066803,-0.179969,5.993696,167.1125,11270.74,1.92913,1.750658,3.817782,0.5931631,28.82419,15.93482,9.337584,149.0,529.0,6.763231,2.459034,-0.2187946,-15.03781,-4.717882,-24.9425,-10.93985,-10.93907,-0.5913489,-1.375,2314_clipped_2_features.csv
6.542583,5.020619,-0.6885108,-0.2096346,13.36753,18.78732,2343.925,1.354443,1.235856,3.471153,0.3463784,33.68432,25.5348,8.065136,317.0,1536.0,8.660556,1.457115,0.2796943,-23.73333,-3.56898,-26.98133,-11.06073,-12.9927,-6.44995,0.0,2451_clipped_features.csv
8.062218,8.947425,-0.1311498,-0.1965583,12.34829,113.3836,12623.1,1.826946,2.164565,4.748746,0.5109274,36.1001,29.23737,12.5962,232.0,27.0,9.03898,0.7023271,0.1264021,-24.08339,-6.493066,-30.14147,-13.79198,-13.72588,-5.612848,2.363636364,3124_clipped_features.csv
6.117624,4.621874,0.3356774,0.9244997,16.64009,0.0,0.0,1.704206,2.883369,4.98863,0.333483,18.12181,16.47821,8.664253,42.0,55.0,6.286563,4.324255,0.2363745,-17.01929,-3.949635,-17.67857,-5.006959,-5.398983,-3.4918,0.0,4154_clipped_1_features.csv
6.57408,3.035956,-0.4003379,-0.6152272,2.941436,2.206931,815.4947,1.7259,1.577791,4.3388,0.3202696,29.42351,22.15545,10.69521,392.0,122.0,13.98656,-3.048813,1.287383,-18.11909,-5.517036,-18.55235,-7.832851,-9.730664,-3.67626,-1.636363636,2554_clipped_2_features.csv
8.455306,8.750281,-0.234642,-0.4259335,6.899925,80.35481,6425.021,1.824475,1.465989,3.205917,0.5047382,34.95747,28.55174,9.041656,554.0,54.0,8.490764,2.579307,-0.7089335,-15.76669,-5.177144,-26.607,-13.95189,-14.23643,-0.2135412,-1.2,3113_clipped_1_features.csv
-0.5931754,0.05444247,-0.100222,-0.07270052,11.88711,155.0643,11648.32,1.655704,2.48511,7.127945,0.5877938,33.52414,18.63713,10.64293,283.0,19.0,7.064198,2.813577,-0.001400592,-19.05629,-4.385078,-23.35689,-10.04496,-9.904844,-4.158639,-2.111111111,4733_clipped_features.csv
12.15373,5.579374,-0.09733578,-0.1553765,4.923859,2.149439,2604.541,1.955376,2.335226,4.692356,0.3775989,39.72253,23.93508,8.060914,148.0,64.0,6.377246,2.647763,-0.03636128,-20.71446,-4.061822,-26.79219,-9.677402,-8.109298,-3.443838,0.0,4159_clipped_features.csv
4.51698,3.901316,-0.07847968,-0.08665663,6.433092,68.49129,8671.435,2.225498,2.874797,4.317462,0.4306531,30.34605,24.05019,9.242035,284.0,10.0,8.801235,1.428345,0.7237131,-21.93679,-4.789426,-32.05956,-12.4219,-12.12434,-0.7585943,-2.0,2469_clipped_features.csv
-3.677924,-2.238072,0.2325783,-0.08760092,10.15908,143.2766,7237.672,2.293022,2.088833,4.602105,0.6217642,30.03686,12.30675,9.011459,113.0,462.0,5.06081,-0.6757278,-0.03676112,-19.05733,-4.507218,-20.56214,-9.099556,-9.853469,-4.80655,-2.555555556,2548_clipped_features.csv
-2.507835,-1.565948,0.03976431,-0.4060714,14.97447,10.44362,2901.382,1.095104,1.143894,4.397293,0.3589129,17.80683,20.23839,8.366463,712.0,1122.0,14.24023,-2.314607,0.8644485,-29.2495,-4.203904,-19.57249,-4.907613,-5.567658,-11.33894,-2.25,4698_clipped_features.csv
-7.222392,-1.956642,-0.0818764,0.343545,9.121578,24.40784,6792.041,1.815254,2.519758,5.187898,0.4494923,26.14623,12.14018,9.910801,0.0,272.0,3.410717,3.908554,-0.06820416,-14.55995,-4.748255,-19.93935,-5.967715,-3.305465,-3.647623,0.375,2962_clipped_2_features.csv
0.2160693,-0.3606566,-0.4213441,-0.09505499,4.641426,64.65263,6387.818,2.023628,1.852051,4.243721,0.4627399,32.09607,15.63208,10.56707,150.0,79.0,5.072231,1.643329,0.1874356,-18.75079,-4.942525,-27.27402,-9.887725,-7.649841,-1.797013,-1.0,3925_clipped_1_features.csv
0.654698,-0.4128873,-0.1544729,-0.3134822,5.347602,132.607,8640.807,1.390778,1.438641,3.258748,0.5401651,19.72367,9.626079,7.22728,186.0,26.0,5.075178,1.298753,0.4445528,-13.44409,-4.523913,-22.87236,-11.18247,-12.17525,-1.663738,-1.5,3497_clipped_features.csv
10.22834,10.27968,-0.2899649,-0.7489195,7.522152,0.4079263,984.5435,1.552514,1.83092,5.128036,0.3442686,21.46075,26.2451,8.512342,269.0,50.0,10.7141,2.573379,-0.9029391,-14.80462,-4.466405,-25.42153,-10.79105,-11.66043,-2.205036,0.1,2247_clipped_features.csv
1.257626,-0.8145857,0.6562673,-0.3822207,6.519022,170.9504,11223.69,1.170494,3.004333,4.756825,0.6026329,13.73341,11.46189,8.313643,131.0,22.0,3.481489,2.704981,-0.3281131,-21.85412,-3.277797,-23.62189,-9.701795,-12.06508,-6.931425,2.3,2027_clipped_2_features.csv
12.16259,9.048567,-0.05048237,-0.1860964,10.95784,23.77253,16327.55,2.588558,2.171204,4.469297,0.4032518,52.77321,25.18984,8.842057,232.0,186.0,4.154577,-1.44398,-0.03856397,-13.69717,-5.183616,-24.29625,-13.07345,-13.15645,-4.51079,-0.25,4049_clipped_2_features.csv
5.627701,4.96335,-0.2886535,-0.09837329,7.11075,12.22306,1552.98,2.167337,1.754047,4.535181,0.319206,26.93066,20.99204,7.895785,213.0,24.0,5.115144,2.702427,0.1450303,-19.35677,-3.931906,-25.39806,-10.05067,-10.37567,-1.388601,-2.0,2743_clipped_features.csv
1.223819,2.511896,-0.07878925,0.2655289,6.015859,232.981,12082.61,1.47363,1.364621,3.746733,0.7130694,17.38435,15.46412,10.14378,132.0,185.0,4.393795,-2.804993,0.09368366,-14.12159,-4.513838,-26.64835,-14.82829,-15.5558,0.9505543,-0.538461538,2078_clipped_1_features.csv
-0.09818251,0.902671,-0.1156245,-0.146694,11.0056,116.0109,10687.33,2.393457,2.853505,4.734287,0.5156272,39.75583,15.71336,8.819956,345.0,317.0,5.566744,1.714715,0.3720185,-17.10618,-5.195223,-23.50301,-6.902631,-6.774707,-1.202798,-1.0,3317_clipped_features.csv
8.048397,3.91336,-0.3479859,-0.1263288,4.735749,25.01731,4096.268,1.275007,1.188068,3.201004,0.3559592,16.90578,21.44166,6.519604,200.0,183.0,4.740731,-0.9908499,-0.4477474,-15.44457,-3.576468,-28.81087,-12.6346,-16.66871,-2.695635,-0.666666667,4618_clipped_features.csv
10.00451,6.141005,-0.2704289,0.5983359,17.70609,111.3306,8824.395,1.550756,1.969679,4.920987,0.5236507,47.68302,19.7368,8.871617,47.0,241.0,9.872256,15.30356,1.147221,-22.23195,-4.08142,-20.33294,-0.503495,1.655762,-6.769062,0.083333333,4072_clipped_features.csv
3.720251,2.79692,0.06985794,-0.301038,7.163091,51.50574,7611.689,1.176023,1.500164,3.045223,0.3943807,24.36518,23.66239,10.82677,188.0,21.0,6.468143,2.535838,-0.0999961,-28.03294,-4.486068,-18.21133,-6.839879,-6.053727,-2.009929,-2.1,2490_clipped_features.csv
6.709971,6.036675,0.09199289,-0.3314588,8.6647,86.25323,7681.229,2.100518,1.840367,4.003542,0.4978622,47.63741,29.37306,11.07125,223.0,150.0,8.040268,-2.012471,1.032251,-22.91563,-5.806843,-26.35796,-14.31475,-15.69164,-3.899238,-1.333333333,3801_clipped_features.csv
3.05356,2.692371,-0.04276278,-0.1684227,6.201248,89.7778,8765.27,1.339287,1.290152,3.492982,0.4996894,23.90163,16.21867,7.368895,237.0,235.0,9.973709,3.089326,-0.03079158,-11.98271,-3.574653,-24.43484,-10.03813,-9.210247,-0.6948283,1.454545455,2969_clipped_features.csv
5.46947,5.014382,-0.2758817,-0.0857573,4.709175,113.5188,12468.04,1.453947,1.840075,3.405907,0.5147032,20.26831,16.49977,10.46773,155.0,448.0,10.88584,2.108089,0.7648022,-15.20902,-5.41611,-29.44694,-9.375611,-9.45059,1.413768,-2.0,2910_clipped_features.csv
5.938394,6.293327,-0.08417676,-0.2950274,2.470796,139.4052,10650.69,1.532733,0.9744602,3.497875,0.5559748,29.2405,19.38253,8.458263,412.0,30.0,10.0764,0.5270565,0.868494,-17.91907,-4.564072,-23.86672,-9.974663,-6.554094,-3.587608,2.0,2870_clipped_features.csv
4.265076,6.835222,-0.5249906,-0.16877,11.34593,64.73878,6561.571,1.662354,1.767181,5.33994,0.4494883,31.89032,24.6695,11.41809,229.0,96.0,9.12178,-0.1855171,0.773536,-22.0863,-5.515423,-24.00852,-7.737675,-8.476126,-1.000215,-2.3,2589_clipped_features.csv
9.096552,7.585222,0.03517162,0.0480791,5.494019,0.3177477,3318.527,1.873139,1.665442,3.431918,0.3335703,36.5845,17.63074,8.136219,305.0,54.0,9.44458,2.355038,-0.5764174,-18.65903,-3.618757,-15.2141,-4.363204,-5.952744,-5.990057,-2.25,2503_clipped_features.csv
-0.5592891,0.2260813,0.1322983,-0.3571933,9.3105,184.4514,12903.62,1.635306,1.978723,4.11774,0.6379123,20.36407,12.2141,6.785807,56.0,125.0,9.061846,-3.592797,-0.1574082,-13.6386,-3.292085,-25.12358,-11.50002,-12.16999,0.5927103,-1.875,4033_clipped_features.csv
0.5229083,4.743724,-0.4950888,-0.2947106,6.696485,-3.697133,1689.148,1.85156,1.578692,3.460497,0.3191325,27.90407,28.17054,8.617893,391.0,815.0,4.716901,2.404073,-0.1276389,-18.28938,-4.004794,-23.05125,-10.40453,-11.42847,0.6969484,-1.5,4659_clipped_features.csv
1.261988,-0.06104741,-0.369465,0.202782,16.09343,77.96004,14937.19,1.38708,1.441245,4.222634,0.4332541,26.64152,18.76298,8.59528,0.0,730.0,9.57193,-1.025767,0.1054909,-21.05066,-4.44934,-28.03942,-11.76242,-11.6917,-4.554413,0.090909091,3235_clipped_1_features.csv
7.547537,6.783242,-0.4605383,-0.4915801,6.144927,15.37806,5658.379,1.81165,2.385911,4.86667,0.3622768,46.3772,28.70904,9.926138,808.0,502.0,6.584547,0.9823053,0.420108,-20.83514,-4.929898,-28.55754,-9.554945,-9.042205,-5.087422,0.0,4159_clipped_1_features.csv
6.266129,4.034983,-0.6450957,0.05791233,9.769952,26.91793,2444.566,1.356423,2.316976,4.944495,0.4302462,28.66142,22.66049,9.540401,370.0,618.0,8.734519,7.147953,0.1069214,-24.41091,-5.124154,-22.48043,-8.934717,-9.043474,-5.15586,-2.6,2275_clipped_features.csv
-0.02772485,1.356414,-0.6435272,0.1929923,17.1703,22.80461,5131.777,2.443364,2.117213,4.360267,0.3485332,87.85605,21.67547,9.792038,377.0,458.0,5.936528,5.559622,0.04547828,-25.90063,-4.948204,-20.24944,-6.450023,-5.288511,-3.801177,-1.2,3113_clipped_features.csv
-2.131508,1.472327,0.1014914,0.2533983,6.370009,157.3909,10780.58,1.835825,1.603329,3.761684,0.6619439,58.4574,27.26583,8.274304,3.0,262.0,6.00316,-1.103621,-0.6038526,-15.3558,-4.380157,-29.37953,-14.13979,-13.62104,3.537977,-2.125,4077_clipped_features.csv
4.621643,5.368071,0.06244787,-0.1806298,9.930983,56.80339,3119.257,1.399082,1.353385,3.884811,0.3910023,16.76837,18.58365,6.608943,259.0,311.0,11.31056,1.068535,-0.6887431,-13.05843,-2.993193,-22.94906,-9.488186,-10.66617,-0.9483013,-1.545454545,2749_clipped_features.csv
2.354025,4.408455,0.4146115,0.1858675,-0.266362,89.95145,6920.067,2.160764,1.747125,4.171478,0.4948109,25.9405,13.08932,8.086445,119.0,30.0,10.12397,1.376152,0.007972985,-12.39089,-4.13729,-17.07673,-5.912323,-6.586697,-0.7271196,-2.1,2893_clipped_2_features.csv
-3.70406,-3.556782,-0.8730906,-0.6592693,3.039788,9.059345,2766.76,1.796311,1.623882,3.681787,0.4342668,34.21075,11.27595,7.680258,77.0,70.0,9.545098,-2.295137,0.909676,-15.5862,-4.046073,-23.52061,-7.346725,-13.10501,-3.594772,-1.0,3925_clipped_features.csv
-1.877659,0.8939421,-0.2577876,-0.2647044,8.013235,25.66785,2408.02,1.318683,1.375056,4.646342,0.401611,17.33842,18.83762,7.647745,97.0,358.0,6.119565,2.834362,0.05783074,-23.69101,-4.047673,-17.79724,-9.133895,-9.819032,-6.756135,0.0,2451_clipped_3_features.csv
-2.247655,3.50245,-0.3884754,-0.5735834,3.217884,76.18839,7636.573,2.278749,2.207562,4.525337,0.462072,32.64053,20.15981,10.42404,447.0,384.0,8.845968,1.998571,0.3268146,-20.56539,-5.293752,-26.55782,-7.618276,-10.40238,-2.70923,-1.555555556,2650_clipped_features.csv
1.459929,2.809106,0.007181014,0.2852605,7.50529,172.3241,6807.565,1.985347,1.878102,4.337656,0.6677243,29.49009,17.38037,10.54608,145.0,129.0,4.217925,-4.193305,-0.2129275,-18.91753,-5.492568,-23.0197,-10.61454,-13.8965,-6.509886,2.0,3325_clipped_features.csv
5.893791,3.469929,-0.4082088,-0.1847258,7.802576,77.86335,5563.618,1.468679,1.592797,3.884334,0.4457221,22.48151,22.3784,10.3399,43.0,216.0,5.593792,-3.405509,0.2879024,-20.48609,-5.476057,-26.52935,-10.51605,-12.16235,-5.090777,-0.25,4360_clipped_features.csv
-0.750738,0.333521,-0.1283526,0.8432125,15.18092,69.78288,7863.537,1.48391,1.724617,5.086669,0.4732558,29.82705,15.6969,9.17606,70.0,645.0,11.39141,3.507624,-1.261283,-16.86791,-3.930694,-28.6829,-13.27504,-12.98009,-2.008352,-0.666666667,2782_clipped_features.csv
9.41443,9.636014,-0.6225997,-0.1088252,6.270747,-5.057811,5603.404,1.622289,1.312936,3.090885,0.3448088,16.12115,24.27329,9.259008,157.0,155.0,4.25372,-1.423173,-0.05452041,-17.9296,-4.434862,-24.05215,-10.92574,-9.183836,-4.283956,-2.5,3561_clipped_1_features.csv
-0.2842657,-0.1912726,-0.1542291,0.1486999,9.558742,0.4755087,3135.053,1.441133,1.37531,4.026639,0.3578237,15.43755,13.49212,8.479725,0.0,25.0,3.812815,2.09954,0.08383163,-21.80128,-3.57052,-21.14626,-9.926515,-7.970855,-8.21035,0.0,2451_clipped_4_features.csv
2.167119,4.603518,-0.3692333,-0.1417886,7.643019,130.0702,8985.031,3.383787,2.179451,4.10354,0.5733469,74.56413,26.28293,13.17484,193.0,518.0,9.026979,-0.3918588,0.1304247,-28.31156,-5.641078,-28.00366,-13.91064,-12.55512,-4.023952,0.875,2835_clipped_1_features.csv
10.16169,6.486842,0.1053835,0.2465855,10.88577,126.2051,10577.91,2.617213,2.058479,4.652232,0.5543362,26.16257,21.58796,8.408657,6.0,369.0,4.575084,0.8279721,0.2052698,-17.9614,-3.988913,-33.47439,-18.74244,-19.511,-2.786074,2.272727273,2260_clipped_1_features.csv
4.009269,8.692846,0.3232157,0.5663446,18.25121,175.7679,19892.38,1.321043,2.391158,5.315387,0.573926,23.98709,29.169,10.69916,246.0,23.0,7.66266,-1.760617,0.224342,-28.18972,-5.871336,-31.4221,-11.56953,-11.47193,-7.096253,2.3,2027_clipped_3_features.csv
-1.001775,2.446585,-0.6260836,-0.1703712,8.986352,102.7875,7389.294,3.144436,2.042737,4.282165,0.5099561,44.37126,24.87496,9.915216,155.0,291.0,7.386923,1.738496,-0.1583962,-17.03027,-4.826964,-25.72523,-10.82156,-10.19854,-0.8912796,-2.5,2603_clipped_features.csv
6.52339,3.514528,-0.4625242,-0.2534418,7.580913,-8.00701,4014.541,1.852751,1.490772,3.906889,0.3652456,32.73573,24.06472,6.838294,97.0,28.0,3.765203,0.6822038,0.1272582,-16.94217,-3.219954,-26.64523,-9.033766,-8.374216,-5.375411,0.0,3596_clipped_features.csv
4.337509,5.24054,0.02419787,-0.3570478,4.704763,88.71932,8782.123,2.441452,2.282943,6.051489,0.4911239,50.62007,26.99695,10.45324,212.0,432.0,10.71467,-2.572688,-0.1517191,-16.02407,-5.006176,-27.51834,-12.02837,-13.97357,-2.224715,2.0,2010_clipped_features.csv
10.55237,10.78377,-0.0440909,0.5153368,17.02023,171.1398,12746.28,1.30891,1.59607,4.016772,0.633898,18.69104,26.34865,10.33747,121.0,322.0,6.978097,2.18322,-1.155483,-23.77441,-5.72446,-25.05773,-10.97472,-12.29175,-13.22793,2.3,2027_clipped_4_features.csv
0.3955872,1.084562,-0.2920814,-0.2006311,7.605429,4.406392,998.0626,1.067094,1.260497,4.685854,0.3476919,20.91612,9.306079,8.59792,79.0,323.0,8.099616,3.426464,0.7459677,-14.80832,-3.517415,-24.24319,-8.178072,-5.40831,-1.039819,0.888888889,2790_clipped_features.csv
-0.8147188,2.304196,-0.3224341,-0.0420115,6.21271,101.7755,7732.164,1.174995,1.318753,3.203416,0.5294734,22.07049,18.3562,8.371334,303.0,367.0,4.192466,-0.8745649,0.07382997,-20.10378,-4.407306,-22.84547,-11.18244,-12.94649,-1.585144,-2.222222222,2525_clipped_2_features.csv
10.59646,7.113304,-0.1086057,0.1831753,11.8323,50.55069,7436.228,1.683467,1.784934,4.388162,0.4277958,34.89647,24.03424,8.955564,259.0,138.0,8.792613,-1.400993,0.9235361,-25.02799,-4.76999,-29.00236,-16.16988,-16.00393,-8.078311,2.875,2028_clipped_features.csv
2.173487,1.644526,-0.7148377,0.6168579,7.792617,81.28828,8702.919,1.269342,2.833535,4.087151,0.4910603,23.54216,14.86003,6.488603,62.0,122.0,6.428999,2.152936,0.2896808,-22.92208,-3.168234,-25.67722,-13.62258,-10.14629,-8.37123,0.0,2435_clipped_features.csv
4.480364,2.794292,-0.01765146,-0.08771246,12.74292,69.80413,10029.38,1.067919,1.374512,5.168204,0.4482368,34.51437,14.86651,7.955485,10.0,886.0,6.320742,1.504339,0.3997642,-15.45013,-4.062971,-23.94735,-8.693169,-10.39848,-1.161498,0.25,2051_clipped_features.csv
3.586318,6.392133,-1.606931,-0.1826178,4.191682,-6.053144,898.4637,2.000418,1.726182,2.920503,0.290509,20.397,25.59526,9.643721,169.0,168.0,5.751805,1.606717,0.2223992,-19.38911,-5.971599,-21.2688,-8.72918,-7.006481,-0.6663082,-1.636363636,2554_clipped_3_features.csv
1.745827,2.504686,0.100967,-0.3531594,7.158642,57.44585,5633.4,1.898762,1.636868,4.678577,0.4595425,47.19746,25.34016,9.651909,330.0,583.0,6.904333,1.934756,0.7936329,-23.23137,-4.630561,-23.57973,-6.826545,-5.89748,-6.277329,-2.0,2015_clipped_features.csv
0.4040843,2.690634,-0.3350615,0.2703375,9.762233,33.64172,7900.618,1.274363,1.456307,4.125684,0.4170449,33.69327,16.97894,8.614095,1.0,44.0,7.146838,6.857233,-1.191576,-16.7945,-5.460474,-19.705,-6.696477,-6.170632,-1.114353,-1.583333333,4336_clipped_features.csv
2.306356,3.52707,-0.4150313,0.2892241,7.812373,5.266689,693.2512,1.635965,2.065487,4.487195,0.3016958,20.16634,15.32722,8.076815,137.0,317.0,5.344163,0.2408699,0.7776216,-23.68202,-4.012955,-26.83368,-12.45227,-9.972486,-1.829958,-2.125,3441_clipped_features.csv
0.877727,-2.089838,0.1348399,0.004037647,2.904711,0.983587,2417.639,1.598655,1.989284,2.700815,0.3519618,12.49493,8.901019,6.540623,81.0,36.0,3.424085,7.667205,-0.02106695,-11.24099,-4.037694,-14.45185,-4.732964,-6.726172,-0.06944337,0.375,2962_clipped_3_features.csv
12.32392,13.46847,-0.3969078,0.2986724,3.440651,56.44805,6878.019,2.150139,2.462931,3.624463,0.435198,28.98539,32.90007,9.423466,55.0,77.0,3.455718,-1.942829,0.1559272,-22.05982,-5.124258,-29.70607,-13.80474,-10.27223,-7.019751,-2.166666667,2719_clipped_1_features.csv
2.863378,4.063219,0.05588254,0.145722,15.08103,105.7397,7391.048,1.515322,1.513277,6.020562,0.5499495,34.78699,21.34422,10.87169,119.0,19.0,10.66972,5.267636,-0.2100017,-21.25858,-5.126708,-28.32299,-5.718131,-3.342869,-0.9027607,-0.5,3207_clipped_1_features.csv
2.082125,-0.0570216,-0.1773147,-0.3721644,4.002563,0.0,0.0,1.386039,1.874304,3.678265,0.3929898,18.28117,18.56561,6.762761,43.0,37.0,4.782174,-0.5111062,-0.5034513,-6.766845,-2.784061,-28.01419,-11.13734,-7.642894,4.289959,-2.727272727,4936_clipped_features.csv
13.61652,12.47348,-0.3397664,-0.2829936,6.019269,81.59625,4439.998,2.512773,2.422268,3.842814,0.5011641,29.59776,32.64865,12.02338,62.0,115.0,5.22528,0.5716615,-0.05253576,-29.88154,-5.526202,-25.70667,-6.481647,-5.504889,-10.32662,-1.875,2568_clipped_features.csv
6.789891,6.57987,-0.1838746,0.1586519,8.9628,31.06405,3875.719,1.044221,1.545762,4.526058,0.3697934,16.52474,17.61848,7.976018,172.0,375.0,9.4519,0.2345101,-0.542131,-19.27548,-3.977073,-24.16703,-8.800529,-9.29883,-5.864202,-0.7,3133_clipped_features.csv
-0.1438962,3.688215,-0.2824838,-0.008743656,8.713252,230.7812,18972.91,1.921158,1.925882,5.001297,0.6765804,45.12974,20.80576,10.62329,251.0,190.0,8.344739,-9.995789,0.9113991,-21.75839,-4.563264,-22.17394,-9.429139,-11.49783,-5.603712,1.875,2648_clipped_features.csv
10.2135,3.706569,-0.5029182,-0.4541554,5.51027,80.95525,10659.05,1.328026,1.768523,3.521149,0.466559,24.07337,18.68703,7.400702,44.0,23.0,6.469027,2.659944,0.2206189,-19.3889,-3.026627,-22.63405,-9.215881,-8.356804,-8.719804,-1.375,2314_clipped_1_features.csv
-4.981121,-2.566923,-0.8369402,-0.120312,7.090856,85.6874,10753.92,1.588212,1.146041,2.390591,0.442475,24.57925,8.456673,8.32518,243.0,241.0,4.347574,0.2242646,-0.2083204,-13.88365,-3.999028,-15.22088,-4.407698,-3.570068,1.195724,-2.25,3476_clipped_features.csv
3.737141,3.843224,0.1513148,0.2975071,8.777625,62.23037,7007.093,1.266534,1.654876,3.811077,0.4041099,18.31201,19.48808,8.325327,283.0,403.0,10.52994,1.134567,0.8883415,-19.03123,-3.71604,-26.02508,-11.34228,-10.27151,-4.057628,-2.625,3012_clipped_features.csv
22.11064,7.73737,0.1622101,0.7754243,6.84878,66.90029,10145.47,0.9892848,2.665043,4.713289,0.4520499,21.25726,27.74287,8.398697,1.0,49.0,10.6566,-6.410767,1.366375,-27.9812,-4.342912,-24.56526,-12.60776,-14.72186,-11.96485,0.1,3296_clipped_features.csv
16.80814,15.81546,0.4874865,-0.3429909,-7.408602,0.0,0.0,0.01667622,0.0825292,0.2302868,0.3605853,0.07217255,17.19957,3.469831,3.0,0.0,1.238173,1.843847,0.08651597,-6.717218,-0.8862883,-21.97415,-20.2207,-18.64667,-4.656112,1.0,2710_clipped_features.csv
4.547744,8.334057,-0.2006811,-0.02395049,4.724186,32.76095,2144.384,1.321801,1.935874,3.715346,0.4456982,25.8922,22.52169,7.47834,393.0,303.0,5.969308,-2.162924,0.8039736,-9.157358,-3.263056,-30.2345,-15.02201,-13.51854,2.142513,-0.272727273,4859_clipped_features.csv
-2.263444,-1.781075,-0.9097725,-0.2541404,6.813024,34.96952,1903.378,1.708284,1.407391,4.115059,0.4083011,31.94605,16.2964,7.659725,300.0,331.0,4.746534,1.933012,0.0602898,-23.15996,-3.853706,-22.66088,-10.86185,-8.952599,-8.380792,0.0,2451_clipped_2_features.csv
9.245338,10.49284,-0.183862,0.1292512,8.378713,71.85674,9742.164,2.428037,1.440627,4.318962,0.4112889,66.20975,29.54084,10.87517,336.0,502.0,18.39288,-5.16082,0.5784159,-24.15267,-5.263998,-30.17831,-13.81467,-15.0349,-2.046961,-0.888888889,4341_clipped_1_features.csv
2.194909,4.867361,-0.4385345,-0.1027591,10.51139,-3.190819,6588.852,1.238343,1.534788,3.899125,0.3598104,20.07205,23.01753,9.659575,405.0,527.0,15.67298,0.1924706,0.4739868,-26.58771,-5.095018,-24.04836,-9.556844,-11.84625,-6.672308,-1.777777778,2734_clipped_2_features.csv
-3.796122,-0.4176756,-0.2538303,0.07715225,10.31785,107.0813,7736.217,1.584986,2.251603,2.904562,0.5778143,24.34339,13.87957,9.729367,40.0,21.0,3.572891,1.740268,0.0745874,-19.62711,-4.685953,-18.94911,-8.309462,-7.503616,-7.656898,2.3,2027_clipped_features.csv
6.397466,5.516493,-0.1447784,-0.001512866,5.322042,102.1597,10312.92,1.689124,1.961158,4.288829,0.4969041,24.36063,26.29269,10.72879,501.0,58.0,5.161704,-0.8346577,-0.1627069,-17.91172,-5.230992,-33.82892,-14.21432,-13.25836,-2.310244,-0.125,3725_clipped_features.csv
-0.7614438,1.25174,-0.5346242,-0.1739669,8.538937,28.53114,3731.285,1.516126,1.722403,4.962085,0.3483134,44.51323,17.08852,8.599697,713.0,806.0,8.61704,4.91836,0.7510015,-14.83439,-4.048663,-20.92944,-6.204834,-4.908944,-0.2516988,-0.8,2634_clipped_features.csv
2.448851,3.655957,-0.2474737,-0.6184461,7.948355,13.0353,6832.254,1.550273,1.478617,4.211154,0.3386475,37.44621,21.83923,11.88881,119.0,658.0,11.95127,3.283036,0.2735386,-23.26948,-7.198689,-28.20003,-10.1721,-8.005573,-1.170892,-0.25,2761_clipped_1_features.csv
-0.3261161,-1.372115,-0.3467714,-0.0392193,12.65165,44.51787,4161.592,1.475774,1.75153,4.293538,0.4181378,21.21499,16.06577,10.59895,257.0,50.0,22.1492,3.412884,-0.6972009,-18.72918,-5.310536,-16.02426,-6.065736,-6.561785,-4.534622,-2.666666667,2349_clipped_features.csv
8.837236,8.487035,0.06663338,-0.1173666,9.054854,46.32131,3764.829,2.066966,2.790581,4.385091,0.4797642,38.53338,22.51843,8.121942,89.0,138.0,3.610319,0.7097124,-0.362695,-18.57857,-3.975271,-22.59488,-11.4089,-10.96015,-11.60915,-0.545454545,3174_clipped_2_features.csv
0.5364142,-2.358357,-0.08204825,0.2773834,23.51677,206.9679,24438.24,2.360261,3.474451,3.816515,0.6021823,25.11041,12.50353,6.6317,69.0,118.0,3.821579,7.413819,-0.1030136,-16.05549,-3.304972,-27.89621,-6.548157,0.6452549,-0.4270344,-0.888888889,2102_clipped_1_features.csv
-6.007576,-4.092184,0.9670208,-0.06029269,2.055051,64.27584,6871.538,1.975054,2.205959,3.984355,0.4743849,29.61591,8.887111,7.290833,170.0,51.0,2.85781,0.7837323,0.004315149,-14.00269,-3.834861,-28.50529,-13.39063,-11.7128,-2.481823,-0.111111111,2970_clipped_1_features.csv
10.54866,4.452196,-0.1402626,-0.1955891,1.781142,8.776439,4578.473,1.156646,1.218497,3.413074,0.3749172,12.52759,15.12579,7.321666,174.0,71.0,3.659948,-5.950835,0.470505,-13.34573,-3.689107,-18.11696,-8.412724,-12.32342,0.3022686,0.4,2095_clipped_features.csv
-2.092641,0.02622976,-0.1527534,-0.2209117,17.29967,17.39933,8556.782,1.804115,2.467994,5.507003,0.3901989,59.3878,19.74481,10.5075,203.0,484.0,7.397859,4.079641,0.3349894,-29.00481,-4.645282,-21.69135,-5.021251,-3.419494,-6.687082,1.916666667,3154_clipped_1_features.csv
0.1312454,0.3841772,-0.04772619,1.034193,24.06306,117.0325,21010.79,1.431938,2.930432,4.96976,0.4935073,19.68613,13.87384,11.31297,366.0,48.0,3.775529,1.842084,-0.2991736,-25.05404,-6.273354,-28.65438,-9.654078,-10.86584,-5.780078,2.777777778,2488_clipped_features.csv
0.3951075,-1.675746,0.3141554,0.4641266,13.9555,209.9498,14065.15,1.518816,2.366563,4.626859,0.6317202,23.33854,10.46525,5.947517,226.0,54.0,5.559437,-2.833341,0.1924378,-15.84063,-2.612915,-21.65765,-10.01833,-8.552412,-6.502035,-0.555555556,3838_clipped_features.csv
3.308626,3.930106,-0.01226867,-0.2180647,4.439662,0.0,0.0,1.068357,1.309669,2.725791,0.2812783,18.84784,17.35207,6.805191,93.0,28.0,5.408733,2.0206,-0.6156014,-12.16663,-3.315126,-20.55965,-11.02886,-7.448451,-1.263234,-2.090909091,4364_clipped_features.csv
6.800397,7.380489,-0.05890583,-0.5023289,6.404344,1.506364,2069.993,1.403101,1.668646,5.06729,0.2904588,19.52819,15.98649,8.496374,239.0,401.0,14.47518,2.374541,0.4113603,-19.52812,-3.725808,-19.01243,-7.154551,-5.831422,-1.276358,-1.5,3279_clipped_features.csv
8.637677,6.099214,-0.6793064,0.09201092,7.813871,37.28844,4508.227,2.288905,1.851977,4.312912,0.4379262,33.42331,27.72417,10.54179,329.0,298.0,6.69363,3.294284,-0.3458899,-20.89996,-4.971757,-19.59538,-5.948435,-5.602211,-9.071908,-1.7,3200_clipped_features.csv
-2.193648,-1.592683,-0.4553552,0.1182208,12.92762,104.5943,10637.67,1.058582,1.775072,4.787591,0.5005125,32.17455,17.99429,11.03594,0.0,1501.0,9.875717,-0.2511118,-0.3812713,-21.26165,-6.733779,-29.18165,-10.18825,-10.06479,-2.041611,-1.25,4152_clipped_features.csv
9.107253,6.204538,-0.03277923,-0.05477094,6.984967,51.67636,11345.17,1.31693,1.097726,2.303833,0.4473403,21.18341,19.31228,5.260805,336.0,12.0,5.47048,-1.591284,0.5260271,-12.31243,-2.476524,-20.59155,-10.60919,-12.0502,-4.934294,0.0,3580_clipped_features.csv
8.12517,6.121638,-0.1559817,-0.1969851,9.865396,109.4783,9443.18,2.033059,1.801659,3.360432,0.5140033,33.64787,20.81653,8.200257,234.0,36.0,4.517856,4.72086,0.3876089,-22.53056,-4.334789,-24.60954,-12.86663,-11.03984,-5.564556,1.666666667,3238_clipped_features.csv
14.58015,12.51213,0.5171623,0.3474447,7.889816,68.92859,6683.571,3.647101,2.109607,3.849558,0.4940418,64.33574,31.00344,12.62685,351.0,51.0,4.930405,0.6601495,0.2799264,-24.94967,-5.126599,-36.77932,-17.26343,-14.39887,-7.057954,-1.777777778,2734_clipped_features.csv
1.064495,1.834617,0.150344,0.01162823,9.33331,133.8541,8077.0,1.342475,1.879789,4.549203,0.5707193,23.87528,17.8631,10.21558,116.0,236.0,5.790281,3.413155,0.1601622,-19.77304,-5.834984,-26.36356,-7.521111,-4.610501,-1.653286,-2.125,3081_clipped_features.csv
15.07713,10.55055,-0.03267635,-0.240801,5.567553,106.477,9133.895,1.64644,2.594105,3.559688,0.5459111,36.33183,28.5692,9.686533,110.0,145.0,6.393446,-2.236797,0.4440838,-25.19904,-5.146815,-23.6909,-10.88945,-7.998239,-7.965329,0.888888889,2790_clipped_1_features.csv
3.502286,1.060688,0.5136926,0.04010708,6.097632,74.85222,9088.704,1.416312,1.408352,4.271813,0.5076221,18.67737,16.73337,8.307753,94.0,121.0,4.393437,0.8128238,0.1493007,-15.02402,-3.880855,-22.98149,-9.97083,-10.83183,-3.51277,-1.375,2314_clipped_features.csv
11.56102,7.755087,-0.08350202,0.1165113,12.72212,151.1314,14264.73,1.074692,1.715793,4.847822,0.5913042,24.36405,23.60934,7.883248,77.0,72.0,8.98106,-2.244598,-0.4890309,-20.55567,-3.940569,-28.29944,-12.35232,-14.75438,-9.805205,-1.125,2597_clipped_2_features.csv
-2.10091,-2.289272,-0.7010906,-0.4829427,3.074463,18.48884,3265.13,1.871567,1.746294,4.013278,0.4113115,38.36628,16.29431,8.247271,377.0,306.0,7.519515,2.314986,0.2126956,-19.18994,-3.951212,-19.60926,-6.284518,-6.256474,-3.947281,-2.444444444,4318_clipped_features.csv
1.236121,4.198471,-0.007329104,-0.09952876,5.711193,98.33583,9611.319,1.496222,1.443419,3.69087,0.4943565,32.81219,19.79809,9.369023,189.0,387.0,7.14549,1.890565,0.02786902,-22.26726,-4.298153,-24.03383,-11.10194,-12.53206,-3.313974,2.111111111,2628_clipped_features.csv
8.466011,8.333294,0.2469048,-0.1869544,5.409952,5.151776,5679.063,1.93502,1.196071,2.501595,0.3899798,43.02198,19.18534,7.726139,105.0,180.0,3.21074,9.285946,0.006781314,-17.87451,-4.303208,-20.49935,-6.226069,-0.8840317,-4.729454,-2.25,2503_clipped_1_features.csv
8.472994,10.26703,0.08660142,-0.2406581,9.436784,153.9677,10532.34,2.819489,2.299545,4.506914,0.5969747,57.85428,27.95282,10.19584,181.0,206.0,5.32387,0.8574193,-0.3448392,-25.68947,-5.180355,-27.08022,-13.38246,-18.19627,-3.880483,0.875,2835_clipped_features.csv
4.873702,4.859129,0.185072,-0.0987852,5.283783,107.4677,11379.4,2.379343,1.867197,3.989584,0.5045547,44.55704,16.18123,9.05416,270.0,285.0,8.927784,-4.598951,0.3312154,-21.48488,-4.759222,-26.01172,-11.34552,-9.687411,-1.116906,-1.272727273,2041_clipped_1_features.csv
1.088232,1.890216,-0.4259836,-0.2842262,4.374403,53.84988,4010.845,1.724441,1.632969,4.105579,0.4142534,32.14464,19.46079,7.652327,125.0,218.0,6.339425,-2.359372,0.5000894,-15.16377,-3.696571,-34.42526,-11.2279,-11.65981,-2.552636,-1.5,2546_clipped_features.csv
2.898541,2.944222,-0.2163741,0.1451907,7.23201,83.21243,14576.37,2.269629,2.203522,3.539465,0.4027771,44.70942,15.06283,8.232625,316.0,158.0,6.653078,-3.158107,1.074169,-16.99727,-3.998571,-32.21057,-15.67015,-16.25614,-3.312149,-0.1,3365_clipped_features.csv
3.102677,2.318558,-0.1561428,-0.477231,4.474095,92.02326,5886.751,0.9460746,1.553112,4.636114,0.499801,15.22473,13.46613,8.224918,322.0,188.0,5.528948,-0.1599372,0.2335714,-17.18316,-3.992387,-23.09484,-10.54476,-12.01646,-3.197268,0.555555556,4129_clipped_1_features.csv
4.347519,5.027918,-0.4161099,0.8869082,13.62806,140.5803,12796.69,1.218466,1.446757,3.968127,0.555261,19.35179,17.46066,7.299343,172.0,202.0,4.539063,-0.3839109,0.342904,-11.88206,-3.342421,-19.11496,-9.331889,-8.232552,-2.046509,2.0,2870_clipped_1_features.csv
-3.240556,1.607819,-0.6938077,-0.1196994,9.123614,19.86027,5053.2,1.69455,1.754402,4.309414,0.3986147,54.32461,20.42196,7.027124,258.0,253.0,3.930583,4.291289,-0.2102763,-18.48952,-3.322671,-26.16184,-10.36796,-7.327813,-3.316195,-1.625,4079_clipped_features.csv
2.573363,2.424964,-0.4497334,0.1894471,8.171481,61.57278,4805.745,1.513984,2.2148,4.054164,0.4175223,29.20607,19.32504,9.113985,528.0,400.0,6.619098,1.038832,0.5673915,-24.20974,-4.674678,-27.63822,-11.66804,-11.94371,-3.892999,-1.777777778,3313_clipped_features.csv
6.159575,7.815281,-0.3469574,-0.08364052,12.99615,15.40338,8935.154,2.36714,1.68929,3.612541,0.4299805,81.59179,33.01792,9.7668,300.0,265.0,7.973394,0.2547763,-1.115672,-15.98548,-4.719954,-27.79418,-13.47374,-12.60812,-3.092731,2.0,4356_clipped_features.csv
10.23172,7.920198,-0.6783221,0.1800797,7.029298,79.56441,9328.432,1.645618,1.927295,4.390774,0.4674832,31.73364,26.91841,9.384735,86.0,126.0,15.60077,-0.3631892,-0.3648004,-19.37614,-5.106812,-24.09812,-10.50072,-9.894286,-4.477008,-1.6,2956_clipped_2_features.csv
4.700729,2.206706,-0.6893109,0.7642841,12.15996,16.06307,11725.1,1.919271,1.89578,5.538004,0.4006131,38.52613,19.35147,7.530773,258.0,256.0,5.046916,-1.243571,-0.236528,-16.97433,-3.874836,-21.70587,-8.348468,-8.973653,-3.248177,0.375,2962_clipped_features.csv
6.553318,6.423137,-0.5664385,-0.2489967,5.591499,7.842378,1173.357,1.386845,1.582892,4.920758,0.3649686,34.3625,29.29484,8.051947,582.0,372.0,6.613445,2.253297,-0.1813097,-16.34805,-3.776681,-27.48611,-10.39195,-9.262959,0.8035344,-0.111111111,4038_clipped_features.csv
2.94084,4.619191,0.03447283,0.07138078,4.894913,-15.94022,2352.935,1.048138,1.524475,3.407162,0.2689066,8.814538,15.29114,9.484549,81.0,45.0,4.005862,-0.1651538,0.3572835,-16.23778,-5.674459,-19.26228,-8.308109,-10.80306,-5.016372,-1.222222222,2362_clipped_features.csv
1.697767,4.12847,0.1614516,-0.2157828,4.244923,115.3836,11697.96,1.423619,1.402025,2.944622,0.5586711,25.63357,17.18097,9.01403,580.0,512.0,5.028954,-3.315422,0.08664174,-20.82854,-5.150077,-29.21069,-13.75306,-13.55126,-5.044592,-2.2,2571_clipped_features.csv
3.606308,2.165578,0.3381076,0.02092575,7.134799,86.90636,11775.14,1.458789,1.531033,3.026404,0.4787615,23.62927,12.90792,12.87085,113.0,18.0,3.964773,2.275465,0.06796316,-13.42589,-5.712145,-19.63481,-9.816871,-9.390589,-0.2134612,-1.5,3279_clipped_1_features.csv
10.99499,9.508406,0.007031572,-0.485367,6.263008,115.3648,8668.538,1.958445,1.606386,4.71329,0.5307277,33.54884,24.05768,10.73279,179.0,212.0,6.278605,4.327907,0.03422612,-20.26538,-5.602698,-25.56457,-10.81448,-10.46356,-7.757935,2.1,4877_clipped_features.csv
4.699179,5.786198,-0.4954696,-0.2510912,15.33154,99.41024,13176.41,1.314161,2.084326,4.27393,0.4927135,35.2869,23.18303,13.03069,982.0,853.0,9.872857,1.825631,0.6115786,-28.37876,-4.972351,-24.65926,-8.136961,-7.370708,-1.611327,-2.538461538,2540_clipped_1_features.csv
5.887992,7.237033,-0.01460015,0.4693293,2.707989,163.7373,10330.37,1.182415,2.010339,4.451362,0.6237788,14.68841,21.68317,8.605471,172.0,61.0,4.098476,-8.693192,0.09794073,-20.56325,-4.352858,-25.33152,-14.16307,-18.00069,-9.532025,3.0,2938_clipped_1_features.csv
-4.85089,1.365616,-0.5293091,0.0817944,9.213355,85.31452,12286.76,0.8622044,1.30043,4.0349,0.4000722,12.05158,17.79218,10.39247,164.0,158.0,5.45941,5.637856,-0.2048964,-19.80358,-5.568099,-21.61616,-10.23056,-7.532892,1.972502,-2.0,3876_clipped_features.csv
1.60363,4.450953,0.2948059,-0.4501224,3.317533,98.28669,8062.764,1.505906,1.158843,3.242893,0.5331153,41.81866,22.72101,10.50224,197.0,210.0,3.476324,1.540346,0.3062085,-24.26966,-6.199294,-22.57336,-13.20366,-11.8631,-8.869433,-0.333333333,3781_clipped_features.csv
2.781522,8.689457,0.0113089,-0.1479548,1.054322,125.9428,10520.29,3.248945,1.528054,3.558354,0.5012263,40.30241,22.33046,6.436464,70.0,48.0,3.939666,-7.428292,0.3139614,-7.405142,-3.12959,-25.40959,-16.16333,-18.72475,-4.730178,-1.25,4151_clipped_1_features.csv
-3.34489,0.2599473,-0.5079513,-0.1794948,9.208821,45.3141,8929.579,2.275297,2.107699,5.322979,0.4408681,47.20346,24.00435,9.653379,103.0,457.0,10.73061,1.997809,0.9155262,-20.2068,-4.924005,-18.38117,-7.205056,-5.662019,-2.063313,-2.555555556,4022_clipped_1_features.csv
12.46785,6.503539,-0.2855148,-0.3722508,12.01558,92.7344,11972.13,2.628044,2.191936,4.287918,0.43841,84.4552,26.40653,9.367817,334.0,170.0,7.080048,5.996081,-0.495535,-16.56729,-5.181645,-27.07612,-8.416604,-6.986148,-7.323184,1.0,2477_clipped_1_features.csv
6.454972,10.33823,-0.5489896,1.137627,13.81643,6.616705,10119.32,0.8943964,1.642095,3.978297,0.301601,14.47691,24.55326,9.266197,29.0,18.0,4.483912,-1.231551,0.3861532,-23.36017,-5.730292,-23.54523,-11.89672,-9.087337,-6.001669,0.363636364,2455_clipped_features.csv
3.692975,3.833007,-0.5682968,-0.06774005,5.504968,40.64624,2831.956,1.088399,1.261109,3.376248,0.4574259,27.22131,19.40605,9.058241,258.0,241.0,5.667823,0.9688101,0.52294,-17.30197,-5.23592,-23.80544,-11.78205,-10.68811,-1.872456,-0.875,2729_clipped_features.csv
0.2965228,0.8295444,0.1887935,-0.2247683,10.84322,96.63132,7462.332,1.606011,1.730515,2.977597,0.4869259,20.51867,11.23411,9.045455,180.0,250.0,2.697705,2.583988,-0.1642526,-18.69287,-4.398141,-17.13335,-7.994985,-8.516523,-7.672701,-1.25,2617_clipped_1_features.csv
2.371124,2.180454,-0.01503417,-0.0826922,9.447474,10.13465,1613.016,1.480076,1.871618,4.622719,0.3704386,27.93557,19.4394,7.935171,150.0,64.0,4.488331,1.654114,0.1187025,-18.35956,-3.766927,-23.54317,-10.93558,-10.91559,-4.093031,-0.7,3680_clipped_1_features.csv
-9.358024,-3.895975,-0.004193608,-0.1489437,3.35755,127.2418,13045.03,3.599533,3.418969,3.899051,0.5644313,42.17039,12.08078,10.85028,20.0,28.0,5.558982,-2.45651,0.5261232,-12.87953,-5.160007,-24.93548,-12.10977,-11.82128,6.617098,2.375,2334_clipped_features.csv
1.868667,3.782142,-0.2919237,-0.7842582,3.04206,4.987601,1122.98,1.210709,1.205713,3.151819,0.3306448,28.62009,26.17289,7.164185,611.0,52.0,5.540136,0.5421597,0.2177998,-16.7244,-3.466468,-23.44267,-9.174812,-8.040057,0.1269407,-1.625,2527_clipped_features.csv
7.303379,6.584014,-0.2144806,0.2692592,9.125884,28.61708,2490.189,1.369045,1.287058,3.47869,0.4203802,22.1862,26.90838,7.951483,109.0,216.0,4.737966,-2.779884,0.2604919,-19.30462,-4.035701,-20.82376,-11.05294,-10.0348,-5.214874,3.0,3052_clipped_features.csv
13.91251,12.67533,-0.4999711,-0.4976107,8.878642,26.91468,6495.426,1.486166,1.258991,4.084882,0.3602417,67.47242,28.39219,7.689716,26.0,292.0,4.485678,2.032325,0.01841505,-22.8224,-3.381163,-19.61931,-8.499479,-12.90215,-7.012298,-0.888888889,4341_clipped_features.csv
-5.321332,-2.937056,-0.1347457,-0.4067891,3.817973,245.7088,15941.49,1.799834,1.895305,3.165018,0.7095789,25.1792,12.68556,7.255872,96.0,110.0,3.100303,1.600146,-0.01372563,-17.95974,-3.852072,-23.18645,-13.81474,-16.11661,1.042372,-1.5,3304_clipped_features.csv
8.616341,7.044742,0.1023029,-0.3537966,4.225862,-15.91639,2895.487,1.819119,1.818308,5.083677,0.2753324,24.23177,23.13795,8.242016,160.0,375.0,3.329953,0.9614745,-0.2063187,-17.92829,-4.275606,-21.52971,-9.027075,-9.639708,-1.283467,2.25,2062_clipped_features.csv
2.421633,3.206038,-0.05958982,-0.1188791,11.85498,83.61278,17274.07,2.371598,2.284834,3.049861,0.4830606,24.86205,21.14067,8.841936,214.0,146.0,8.369275,7.509284,-0.06706625,-19.23323,-4.105222,-20.54353,-6.729266,-8.508238,2.175167,-0.888888889,2102_clipped_features.csv
5.13789,6.075648,0.2641375,0.349481,10.26274,159.4668,11096.84,1.427657,1.802901,4.84089,0.6308116,22.32784,21.70717,9.572062,269.0,368.0,6.833655,-0.4892505,1.139485,-17.1863,-4.219913,-28.09348,-14.02071,-15.23874,-3.78379,-1.75,3096_clipped_1_features.csv
8.753547,8.267325,0.1097566,-0.2109597,9.307396,38.47536,2292.732,1.923766,1.779957,3.983855,0.4431927,26.87507,21.88727,10.27773,106.0,149.0,5.865052,1.547784,0.5721353,-19.32889,-6.171472,-15.68863,-5.701954,-5.787472,-10.8166,1.555555556,4184_clipped_features.csv
9.358596,8.343157,-0.07915367,-0.2762873,6.4831,26.12133,1425.464,2.632205,2.293897,6.83213,0.4137978,66.46536,33.46414,10.20435,961.0,382.0,8.000636,4.283651,0.350831,-17.97158,-5.198764,-27.40451,-11.68123,-11.4635,-1.833547,0.4,2094_clipped_features.csv
5.372186,4.994904,-0.1940273,-0.1709098,6.410015,50.79412,10647.13,1.298354,2.064355,5.952542,0.4064431,18.48192,17.51522,9.129313,272.0,100.0,35.01439,0.2822087,-0.6156886,-23.22677,-4.08927,-38.93394,-13.48809,-9.965837,-3.781267,-1.625,2067_clipped_features.csv
3.599128,0.5535718,0.1402587,-0.08007231,4.343427,140.3475,6772.12,1.312164,3.221874,5.276798,0.5738158,14.59026,11.48967,10.33832,149.0,100.0,5.650939,-1.900379,-0.3772365,-17.40406,-5.27793,-26.44979,-12.54534,-11.29149,-7.837316,-0.111111111,2970_clipped_features.csv
2.367455,1.683585,-0.5512155,0.2192295,17.22124,310.1467,11980.51,1.200355,2.215351,4.112995,0.7707662,23.79189,13.67594,7.584344,208.0,38.0,4.41173,-3.968882,0.2042118,-12.53487,-3.178166,-27.92877,-11.93326,-14.02687,-4.821517,-2.5,2828_clipped_features.csv
10.79786,8.509103,-0.2415741,-0.7192199,5.883308,24.00204,3518.816,1.929955,2.348659,4.739292,0.3547133,27.64274,26.98299,9.837591,304.0,576.0,15.37984,-4.331438,-0.2385523,-24.4223,-5.519076,-25.34885,-12.75691,-14.1646,-8.923135,-0.272727273,4859_clipped_1_features.csv
3.149336,5.845704,-0.4008035,-0.6444489,7.631057,75.53439,7621.879,1.235336,1.247895,3.094382,0.4282958,21.0956,19.81458,7.199125,270.0,519.0,6.398005,-0.581694,-0.03090959,-17.28077,-4.118289,-21.44908,-6.89853,-7.235265,-4.422712,2.111111111,4792_clipped_features.csv
-5.351248,-1.598809,-1.045065,-1.053797,1.189586,9.195793,5960.568,0.9592558,1.663891,5.518142,0.4067319,15.46283,11.03901,9.04748,147.0,147.0,5.06267,11.5905,0.5497572,-12.2519,-5.556545,-12.88841,-4.619704,-4.08952,9.27618,-1.5,4181_clipped_features.csv
0.7415717,-0.8909286,-0.03945148,-0.5711282,4.792006,100.3989,7888.451,1.742994,1.867751,3.991724,0.5054492,22.4934,14.45358,9.613359,292.0,28.0,3.80102,1.331808,-0.2353123,-27.64132,-4.497272,-23.58227,-11.56051,-12.27709,-6.681543,0.777777778,2107_clipped_features.csv
6.010032,8.17951,-0.6867821,-0.2519099,10.28403,2.157846,905.1649,2.008873,1.793217,4.951819,0.3133854,44.69801,28.27514,12.13195,654.0,620.0,11.78373,7.555233,-0.3443539,-21.80883,-5.991942,-24.92414,-7.197504,-4.340157,-1.174187,2.2,4380_clipped_features.csv
8.862388,8.053765,-0.1155178,-0.09750897,5.804366,-7.364498,1707.558,1.489195,1.276557,4.049071,0.2770717,40.23416,25.98728,7.941905,271.0,208.0,9.715891,1.308463,0.2126474,-17.64645,-4.017455,-22.71137,-11.15602,-8.594976,-0.3465346,0.555555556,2399_clipped_1_features.csv
4.44624,6.1831,-0.4869642,0.1349831,5.851898,74.22722,3785.624,3.12789,2.196773,4.334862,0.5268092,39.67646,21.23434,8.919151,101.0,48.0,9.788512,4.621613,-1.335676,-14.5204,-4.00915,-23.28537,-12.21071,-10.94338,-0.9495956,0.666666667,3138_clipped_features.csv
3.484532,4.544807,-0.01797692,0.01582519,12.28861,38.89919,4843.073,2.58691,2.020119,5.742694,0.4084269,48.3567,24.8413,9.604809,767.0,868.0,11.63419,2.101267,-0.2119455,-19.11835,-4.806415,-27.98577,-10.63681,-9.575727,-0.6996062,-1.583333333,4336_clipped_1_features.csv
18.59919,7.698196,0.4075801,-0.2842957,6.302654,17.94262,1092.845,3.731138,2.029178,2.825308,0.4096336,71.0931,24.28329,6.467168,110.0,120.0,5.073818,-0.8412256,1.121909,-17.67912,-3.405809,-26.6537,-16.55333,-17.42182,-4.805619,2.0,2866_clipped_features.csv
3.672369,6.008048,-0.7141927,-0.5098707,6.746274,69.89679,4721.614,2.057639,2.014668,3.959718,0.4498441,43.00189,24.78382,9.392334,147.0,64.0,5.953982,-1.343219,0.2919007,-20.99568,-4.499236,-25.42065,-12.52192,-11.92477,-8.191691,-0.7,3680_clipped_features.csv
7.626907,3.577828,-0.1827759,-0.3521856,8.972051,6.90958,7576.971,1.469077,2.437653,6.044911,0.3458624,29.29148,20.1323,9.333813,122.0,272.0,5.938886,-0.6302536,0.2739125,-21.72848,-4.921197,-21.76499,-7.066929,-6.304159,-4.021161,0.0,2602_clipped_features.csv
2.107733,2.817921,0.1668408,0.1382014,9.391038,113.6695,13221.5,2.449606,2.754466,4.731847,0.5341617,37.88506,15.37253,9.960369,294.0,58.0,7.397267,0.9299283,0.3081323,-16.91077,-4.496142,-29.38891,-14.91308,-15.55329,2.181298,-1.777777778,2295_clipped_features.csv
19.92037,12.14799,-0.5768059,-0.07456542,4.152009,-5.345417,2409.109,1.200649,1.590611,4.443141,0.3294676,17.80916,32.9114,9.979387,320.0,51.0,7.401663,-0.7974139,0.4036396,-15.79316,-4.962004,-21.74109,-12.09866,-13.54888,-5.294908,2.25,2130_clipped_features.csv
-2.229599,5.359237,-0.003992834,-0.05849336,3.676427,80.88486,10381.53,1.057569,1.478105,3.185737,0.4180834,17.37755,22.7573,8.591883,258.0,306.0,8.627469,-0.727563,0.4724801,-22.24615,-4.531669,-28.58356,-13.17906,-13.14567,-3.368058,-1.545454545,2749_clipped_2_features.csv
2.653088,3.070651,-0.2096495,-0.5726658,5.912179,0.0,0.0,1.462056,2.171258,3.876109,0.359098,30.47461,21.33762,11.1589,202.0,73.0,8.76514,0.4730495,1.730598,-20.53454,-6.818994,-19.75893,-9.396411,-6.570288,-1.562265,-1.636363636,2554_clipped_features.csv
2.225852,4.366178,0.5002933,-0.4232034,3.889577,112.7573,4913.921,1.522732,1.242197,2.780734,0.5486763,20.00689,17.71597,8.874422,390.0,197.0,13.97452,-2.219921,1.766748,-17.39405,-5.052032,-23.93648,-13.53106,-14.31806,-2.319013,-1.75,3096_clipped_features.csv
-8.15218,-2.747876,-0.07574,-0.05841571,3.176204,0.0,0.0,2.149762,1.001869,3.11659,0.4019273,39.27576,9.36262,5.544465,156.0,152.0,3.220153,1.310912,-0.08211054,-16.57397,-2.827596,-12.77438,-5.333333,-5.332451,-7.940085,-2.0,4633_clipped_features.csv
3.567101,7.179003,-0.05187643,0.05246118,5.454567,127.0311,6638.052,2.31342,1.711856,3.239554,0.590049,40.21702,17.97053,5.932004,135.0,97.0,6.168299,0.8017809,-0.5227934,-17.14881,-2.504998,-19.61162,-7.848611,-7.42114,-6.280678,1.9,2187_clipped_features.csv
9.135729,8.99157,-0.0818805,0.03180382,8.416074,-42.38611,7764.666,2.101169,1.95099,4.8778,0.3218115,37.50394,23.11652,10.92397,707.0,220.0,3.707718,-0.153658,0.0256588,-23.04962,-4.325366,-28.23218,-12.67556,-10.0559,-7.336112,-1.6,2956_clipped_3_features.csv
2.089164,2.73301,-0.05012672,0.002493708,5.677841,32.4328,6607.337,2.00794,1.614056,5.621662,0.3817505,65.20968,18.83667,6.938401,299.0,377.0,7.85579,-3.834348,-0.1492874,-16.41041,-3.597991,-23.73565,-10.33813,-11.82248,-3.065194,2.181818182,4565_clipped_features.csv
-3.120471,1.428312,0.007454684,0.09929007,8.121995,69.94725,8209.47,1.196651,2.105282,4.240389,0.4807887,19.54469,14.34886,5.367253,89.0,88.0,5.044571,6.930466,0.7311439,-9.122005,-2.663744,-24.67439,-11.98748,-13.44442,3.17236,-1.461538462,4376_clipped_features.csv
8.174852,8.796385,0.1378671,-0.02067805,6.715311,103.1128,14579.53,2.968186,2.430115,4.8778,0.4781737,32.42746,22.03441,10.92397,235.0,199.0,3.734007,-2.727756,0.2836474,-22.33501,-4.325366,-28.23218,-15.01789,-15.01915,-6.167181,-1.6,2956_clipped_4_features.csv
-1.13218,1.539615,-0.413026,0.2834865,8.18953,16.83802,2605.82,1.585588,1.285127,4.118714,0.3687266,35.2678,23.54457,9.221436,100.0,118.0,23.28783,-2.911562,-0.3904365,-16.20915,-4.897357,-24.36261,-9.603638,-9.913915,-1.742494,-1.666666667,2336_clipped_2_features.csv
4.406159,7.548253,0.3255225,0.1226181,14.59421,233.2937,10508.04,2.123636,2.684687,4.938977,0.7099897,36.51017,25.32535,11.11289,77.0,34.0,5.663457,4.183444,0.3890498,-16.81376,-5.699136,-26.34052,-12.97267,-12.84373,-1.389485,1.625,4092_clipped_features.csv
-3.296238,-5.378065,0.8502466,-0.02329687,1.827043,172.2838,12895.23,1.075002,1.324101,3.529995,0.6768131,30.92817,4.061228,5.459147,4.0,132.0,5.137562,-5.635572,-0.4394681,-16.94386,-2.785482,-20.75894,-13.03451,-14.37267,-7.067404,-0.9,2290_clipped_features.csv
9.41443,9.636014,-0.6225997,-0.1088252,6.270747,-5.057811,5603.404,1.622289,1.312936,3.090885,0.3448088,16.12115,24.27329,9.259008,157.0,155.0,4.25372,-1.423173,-0.05452041,-17.9296,-4.434862,-24.05215,-10.92574,-9.183836,-4.283956,-2.5,3561_clipped_features.csv
